ID,Name,Email,Age,Country,Salary,JoinDate
1,Cristina Hart,gonzalezlawrence@hotmail.com,34,Ghana,57153.59,2024-01-10
2,Gregory Stewart,jenniferlyons@gmail.com,44,Algeria,96370.53,2021-07-11
3,Carol Gordon,ckelly@parker.com,28,Taiwan,40724.8,2020-10-12
4,Edward Holt,brenda62@gmail.com,57,Monaco,49054.81,2022-02-12
5,Matthew Anderson,grantshawn@gmail.com,42,Timor-Leste,101007.29,2024-12-03
6,Amanda Walsh,wagnersara@hotmail.com,28,Bouvet Island (Bouvetoya),31302.43,2018-09-27
7,Lisa Smith,bennettnicholas@hotmail.com,59,El Salvador,30877.32,2022-03-28
8,Brian Berger,vstewart@valencia.com,34,Malawi,64603.74,2024-01-31
9,Mackenzie Jennings,kcooper@hotmail.com,59,Algeria,81999.43,2025-06-11
10,Sarah Blackburn,geraldkeller@gmail.com,50,Japan,80654.42,2022-06-12
11,Sarah Alexander,kevinpeters@young-hensley.net,25,Christmas Island,148716.43,2016-12-08
12,Denise Lester,uosborn@hotmail.com,20,Saint Lucia,54685.13,2018-02-12
13,Christopher Greene,margaretjames@hotmail.com,56,Djibouti,121769.24,2023-03-23
14,Christopher Ward,hernandezbryan@smith.com,59,Romania,149870.41,2022-02-24
15,Andrew Carlson Jr.,justin98@brandt.info,49,Israel,137645.46,2020-09-02
16,Pamela Klein,cmiller@mason.com,39,Croatia,39492.31,2016-11-26
17,Brandon Martin,mcmahoncalvin@gmail.com,41,Iraq,145736.61,2019-02-02
18,Gregory Roberson,shanson@cisneros.info,29,Guatemala,144724.98,2019-08-05
19,Mary Donaldson,jacksoncharles@hotmail.com,21,Czech Republic,138746.67,2021-02-01
20,Sabrina Maldonado,blairjeffrey@yahoo.com,40,Cayman Islands,122634.55,2016-11-23
21,Jason Cook,meghan91@newton-hicks.com,37,Macao,111194.8,2021-02-06
22,Michael Miller,bmoore@carroll.com,26,Liberia,133115.11,2022-02-20
23,Robin Johnson,mary62@allison.com,21,Turkey,53131.49,2018-02-24
24,Sean Waller,watkinsmichael@hotmail.com,43,Somalia,77591.35,2025-01-16
25,Caroline Bishop,mirandalarsen@cardenas-gentry.org,25,French Guiana,105310.48,2021-09-24
26,Alyssa Carrillo PhD,gregoryespinoza@yahoo.com,47,Saint Martin,48911.71,2015-12-05
27,William Dunn,millerjennifer@gmail.com,24,United States of America,37398.4,2023-10-31
28,Wesley Graham,courtney85@woodward-robinson.com,30,Afghanistan,117993.45,2024-02-06
29,Erin Gordon,wilsonbrittany@yahoo.com,21,Angola,117178.29,2020-02-14
30,Ryan Mills,kevinholmes@hotmail.com,41,Kuwait,66928.78,2018-12-11
31,Cynthia Collins,floydchristopher@gmail.com,41,Andorra,73078.82,2025-02-12
32,Michelle Anderson,donnalyons@yahoo.com,55,Canada,76457.2,2023-03-19
33,Ashley Andrews,jacquelinenunez@bennett.com,53,Liechtenstein,57599.64,2020-11-28
34,Patricia Johnson,trevorfrench@ho.com,45,Slovakia (Slovak Republic),44382.27,2020-01-18
35,Nicholas Sanchez,ccoleman@gmail.com,47,Cuba,35684.86,2016-12-06
36,Karen Stuart,jeffrey97@delgado.net,24,Poland,91296.87,2017-02-18
37,Laura Marks,kristinasharp@yahoo.com,43,Uganda,56474.64,2020-01-26
38,Jacob Gross,kyle32@snyder.com,24,South Georgia and the South Sandwich Islands,105090.62,2016-02-24
39,Sarah Garcia,pvasquez@gmail.com,35,Tokelau,135073.17,2017-05-21
40,Kyle Petersen,wilsonchristine@hotmail.com,45,Cape Verde,129532.01,2022-05-05
41,Kimberly Vargas,christophersanchez@allen-alvarez.com,19,Malaysia,118521.67,2025-04-03
42,Joseph Richards,ronnieschmidt@dean.net,24,Dominica,98995.29,2016-02-26
43,Jeffrey Jacobs,conniesilva@hotmail.com,43,Bouvet Island (Bouvetoya),86627.2,2020-11-02
44,Dylan Mitchell,marshallrandy@gmail.com,56,Namibia,51049.84,2015-09-05
45,Mary Ramirez,terri18@brown.com,51,Tunisia,138739.36,2024-08-04
46,Stanley Peterson,debracochran@garcia.com,37,France,94859.21,2018-10-20
47,Daniel Patterson,teresagray@yahoo.com,34,Sierra Leone,62538.63,2022-01-31
48,Jacob Parker,mario61@ramirez.com,26,Saint Barthelemy,52004.57,2019-04-23
49,Ms. Julie Jones,hnelson@johnson-wilkins.com,40,Malta,135394.0,2023-07-07
50,Eric Hogan,kbeard@hotmail.com,36,Spain,48305.76,2022-07-15
51,George Francis,garcianathan@gmail.com,20,Poland,97579.96,2022-12-14
52,Brooke Campbell,edward66@oliver-davis.com,50,Denmark,54129.81,2022-09-29
53,Audrey Donovan,fosterlogan@hotmail.com,23,Pakistan,82290.47,2020-12-10
54,Kristen Barnes,ortizmichael@hotmail.com,51,Somalia,121039.87,2017-11-05
55,Jennifer Walton,browntammy@cannon.com,46,Kiribati,113112.14,2019-09-15
56,Adam Jones,davidmiller@yahoo.com,49,Barbados,55897.31,2023-10-25
57,Matthew Griffin,teresa04@yahoo.com,39,Saint Martin,31202.98,2020-02-07
58,Leah Fry,iandawson@jackson-castro.com,24,Jamaica,34169.97,2017-04-09
59,Julie King,matthewcharles@yahoo.com,42,Western Sahara,88994.29,2020-12-11
60,Richard Manning,courtneyfields@esparza.info,33,Italy,131246.84,2024-02-25
61,Debbie Terrell,alucero@garner.org,60,Angola,88390.7,2017-11-05
62,Jennifer Hunter,timothy32@cervantes.net,58,Turkey,109244.73,2021-10-20
63,Michelle Duncan,yanglori@bright-johnson.info,19,Albania,146354.96,2020-11-22
64,Lisa Nolan,angelacastro@white.com,48,Guinea,142220.37,2015-09-29
65,James Campbell,kristen96@malone-schmitt.com,20,Mauritius,42850.83,2019-04-04
66,Sarah Garcia,michaelbrown@gmail.com,33,Antarctica (the territory South of 60 deg S),76389.61,2024-02-22
67,Sarah Miller,wjordan@davis-cross.com,31,Malta,71780.32,2018-03-06
68,Ashley Thompson,crosscheryl@hotmail.com,19,Russian Federation,79910.5,2015-11-13
69,Mary Jackson,aaronhood@hotmail.com,29,Kyrgyz Republic,145610.98,2015-06-22
70,Benjamin Obrien,clarkcolton@yahoo.com,30,Zambia,120381.95,2018-09-28
71,Sara Warner,tracystone@yahoo.com,43,Vanuatu,136774.95,2025-04-22
72,Carlos Weber,eskinner@schultz.com,37,Kazakhstan,96619.64,2019-09-16
73,Courtney Johnson,simmonsbailey@gmail.com,40,Morocco,104239.36,2024-04-24
74,Jonathan Stephenson,ianderson@lloyd-gonzales.com,26,Tokelau,33572.01,2024-05-10
75,Nicholas Jimenez,jenna05@hill.net,53,Uzbekistan,52002.99,2021-12-07
76,Alyssa Webb,nathanjackson@moran.org,32,United States of America,37761.49,2016-10-10
77,Michael Smith,lhayes@wilson-young.biz,48,Austria,60127.4,2019-11-22
78,Amber Webster,fhoward@hotmail.com,20,Guinea,111707.75,2020-11-02
79,Kayla White,david06@brown-brown.net,36,Tajikistan,140688.73,2017-11-07
80,Douglas Ingram,valerie00@haynes.com,22,Cape Verde,49493.93,2022-10-02
81,Alexa Baker,leonardhoffman@gmail.com,20,Lithuania,55542.92,2020-02-06
82,James Perez,shawngoodman@mullen.biz,30,Colombia,55711.38,2016-04-11
83,Michael Martin,amydavis@middleton.biz,55,Andorra,126166.19,2019-03-13
84,Jasmine Harrington,christine88@wilson-mitchell.info,59,New Caledonia,124302.5,2016-06-30
85,Tyler Choi,kdavis@ray-martinez.biz,24,Maldives,111670.69,2021-05-18
86,Sarah Hill,kerrdaniel@payne-york.biz,29,Palau,93676.24,2020-08-12
87,Sabrina Mcdaniel,theresamcclain@davidson.com,42,Mauritania,95393.67,2017-02-04
88,Brandon Reynolds,omedina@hotmail.com,41,Palau,110400.72,2017-05-28
89,Adam Roberson,cmunoz@allison.org,35,Mozambique,36825.4,2018-03-03
90,Anna Bullock,karias@smith.org,53,Malaysia,113965.53,2022-06-25
91,Jacqueline Austin,dholmes@campos.com,22,Thailand,115561.29,2015-10-14
92,Caitlin Winters,anna78@hotmail.com,39,Austria,110699.56,2017-06-14
93,Anita Buchanan,davidfitzgerald@barnes.com,32,Malaysia,32757.83,2015-10-28
94,Justin Holmes,nconrad@wilson-sullivan.com,41,Gibraltar,113564.66,2022-01-07
95,Kevin Wilson,hmullins@jordan-cisneros.com,41,Kazakhstan,48353.34,2019-05-10
96,John Perez,rodriguezemily@ayala.com,51,Canada,132663.65,2019-02-09
97,Ronald Copeland,powellmichael@gmail.com,34,Andorra,108316.68,2018-09-27
98,Brittany Phillips,barkerkatelyn@yahoo.com,47,Tunisia,63149.28,2017-04-23
99,Andrew Morris,aford@ramos.com,41,Albania,63390.98,2019-02-21
100,Terry Davis,nicolebrown@hotmail.com,48,Sudan,39008.74,2022-04-14
101,Anthony Franklin MD,alejandro82@osborne-fox.org,54,Croatia,137240.0,2024-08-08
102,Juan Ellison,murphykerry@yahoo.com,19,Uruguay,98982.53,2018-12-20
103,Stacey Reed,danielle76@franklin.info,34,Serbia,132262.78,2025-03-09
104,George Delgado,joancox@gmail.com,38,Denmark,39506.77,2022-06-04
105,Kimberly Acosta,samantha59@hotmail.com,28,Guyana,42916.88,2019-01-06
106,Nancy Sanchez PhD,vpace@hernandez-warner.com,59,Sri Lanka,147041.5,2020-06-06
107,Aaron Glenn,cgarcia@hotmail.com,19,Kuwait,120775.34,2022-11-30
108,Colleen Erickson,ruiznicole@gmail.com,53,Turkey,35662.38,2024-04-08
109,Bradley Phillips,pauldaniels@lucas.com,32,Austria,116372.89,2017-01-23
110,Craig Williams,zachary91@robbins-ruiz.info,20,Svalbard & Jan Mayen Islands,71664.25,2023-05-26
111,Dennis Melton,anna53@west.org,29,Uruguay,78421.68,2022-09-29
112,Douglas Taylor,jonesemily@gmail.com,38,Greenland,52904.6,2016-08-09
113,Amber Young,wilsonsara@anderson.com,22,Guernsey,142255.7,2020-09-04
114,Amy Baker,ericadorsey@hotmail.com,42,Lesotho,44798.89,2015-11-20
115,Tiffany Hart,emily66@hotmail.com,20,Czech Republic,94054.17,2020-10-01
116,Steven Nelson,martinjennifer@mclean.com,55,New Caledonia,71697.48,2023-10-02
117,Todd Young,gbanks@gmail.com,39,Saint Lucia,91818.44,2015-10-01
118,Jessica Black,tiffanymitchell@gibbs-kim.com,47,Saint Lucia,52543.22,2023-05-11
119,Ernest Huerta,seandavis@hotmail.com,48,Kyrgyz Republic,146937.59,2024-07-25
120,Theresa Mccormick,fordteresa@hotmail.com,60,Hong Kong,75452.02,2024-10-27
121,Savannah Curry,kristin84@gmail.com,20,Christmas Island,130090.17,2016-03-27
122,Ebony Campbell,stephensonkim@nicholson.info,53,Haiti,114913.49,2018-10-28
123,William Joseph,vaughanjonathon@hotmail.com,56,Saint Kitts and Nevis,112142.51,2023-07-07
124,Marcia Lawrence,amber90@fernandez.net,59,Cyprus,88896.58,2018-04-04
125,Michael Vang,hbruce@yahoo.com,48,Morocco,141460.11,2018-03-27
126,Patricia Davis,richardsamber@hotmail.com,41,Nicaragua,42683.1,2023-10-17
127,Rachel Alvarez,kcurry@gmail.com,60,Philippines,93594.77,2020-11-15
128,Matthew Welch,baileygary@harrison.com,36,Denmark,115485.17,2021-03-25
129,Andrew Nunez,lethomas@gmail.com,33,Malaysia,99566.21,2022-09-13
130,Lindsay Patterson,jerry60@yahoo.com,57,Equatorial Guinea,89096.59,2021-02-28
131,Francisco Ortiz,andreaheath@young.org,58,Malawi,84402.01,2020-12-24
132,Matthew Meyer,cbailey@meyer.com,53,Cocos (Keeling) Islands,88285.56,2025-05-20
133,Patrick Williams,ecoleman@hotmail.com,44,Fiji,124547.61,2019-05-01
134,Adam Hamilton,hbrown@hotmail.com,33,Vietnam,83527.25,2016-09-15
135,Dr. Michael Lee,jimmyclark@hotmail.com,21,Slovenia,82994.77,2022-07-30
136,Julian Cross,qwatson@perez.com,38,Puerto Rico,79301.34,2023-06-06
137,Jill Calderon,kathleen65@marsh-stewart.biz,43,Wallis and Futuna,115871.91,2022-03-01
138,Andres Bryant,ellisonmichael@king.biz,30,Holy See (Vatican City State),48508.97,2022-10-02
139,Tracy Martinez,william83@summers.com,56,Saint Kitts and Nevis,134326.73,2024-11-30
140,Jonathan Huang,george45@gmail.com,26,Peru,95040.68,2022-11-13
141,Angela Woods,vmatthews@woods.info,36,Malta,95013.94,2021-10-10
142,Jennifer Thompson,derekwoods@vazquez.com,19,Burundi,138638.41,2018-01-19
143,Rebekah Mueller,wcox@yahoo.com,22,Northern Mariana Islands,147743.02,2017-12-29
144,Andrea Johnson,drakemark@yahoo.com,59,Israel,106756.72,2018-12-25
145,Jamie Vega,andrewperkins@flores.com,30,Dominican Republic,59927.4,2015-07-03
146,Tammy Hart,paynecaleb@nichols-savage.com,46,Norway,112818.28,2019-01-14
147,Austin Horton,williamsjennifer@gmail.com,44,Svalbard & Jan Mayen Islands,52891.84,2024-10-24
148,John Curtis,dcalhoun@yahoo.com,50,Germany,71774.73,2022-07-15
149,Austin Taylor,wayne41@hotmail.com,43,Kazakhstan,131269.65,2020-05-06
150,Luis Carlson,mfuentes@house.biz,19,Tonga,93560.83,2019-09-15
151,Daniel Terry,michaellewis@miller-glover.com,38,Indonesia,55144.52,2018-10-16
152,Emily Rodriguez,richardsandrew@smith.biz,27,Ukraine,45191.61,2023-12-24
153,Sandy Odonnell,selena50@stark-arroyo.com,47,Greece,42745.5,2016-10-18
154,Patricia Lowe,amandariggs@gmail.com,38,Equatorial Guinea,51161.04,2019-10-17
155,Laura Miller,amy92@bryant-stein.org,20,Barbados,146774.58,2022-07-28
156,David Gonzalez,lindachoi@gmail.com,47,Ethiopia,63956.53,2018-01-10
157,Manuel Brown,esuarez@sheppard.com,60,Madagascar,87830.5,2025-05-20
158,Stephanie Kim,whitehaley@gmail.com,59,Greece,82310.1,2025-06-07
159,Michelle Lloyd,kyle40@fields.com,34,India,86825.63,2024-10-29
160,Robert Sanders,alex34@gmail.com,49,Turkmenistan,140242.69,2021-06-14
161,Amanda Nichols,emily37@graham.com,41,Mali,133868.93,2018-05-06
162,Kathryn Pierce,grace99@wilkerson.com,18,Slovakia (Slovak Republic),83562.63,2024-04-12
163,Daniel Fry,matthew32@yahoo.com,51,Germany,68317.33,2016-09-26
164,Kyle Schmidt,riverajessica@sanford.org,35,Brunei Darussalam,135681.3,2019-05-05
165,Scott Perez,cooksteven@gmail.com,43,Panama,138022.97,2018-09-02
166,Tara Dalton,gmitchell@simpson.com,55,Canada,34522.42,2021-07-07
167,John Sanders,brandonlewis@hotmail.com,40,Slovenia,139529.96,2020-09-16
168,Mark Scott,jacobsonmichael@yahoo.com,30,Kyrgyz Republic,78589.19,2019-07-24
169,Jessica Porter,vkeller@yahoo.com,58,Bahamas,65429.34,2025-06-11
170,Gregory Harvey,jacquelinerichardson@lane.com,37,Poland,101610.78,2015-09-10
171,Amy Richardson,joanne43@gmail.com,46,Jordan,132790.62,2023-11-11
172,Theresa Jones,williamball@jennings.info,53,Maldives,89644.55,2016-12-12
173,Samuel Clarke,dsmith@hotmail.com,34,Macao,80604.41,2023-09-30
174,Alice Gonzalez,farmerangela@hotmail.com,29,Hungary,72439.16,2019-02-08
175,Heather Lewis,donnakeller@tucker.org,56,Vanuatu,63761.49,2015-09-30
176,Molly Williams,mercadojohn@yahoo.com,52,Armenia,135106.02,2018-02-27
177,Billy Nguyen,richard45@williams.org,60,Northern Mariana Islands,73906.6,2019-06-10
178,John Bowen,gary05@yahoo.com,57,French Polynesia,102653.09,2015-09-09
179,Jeremy Lawson,stewartmary@johnson.com,40,Brazil,94340.9,2019-11-10
180,Anthony Adams,sheilarios@johnson.biz,37,Sudan,65307.34,2015-12-12
181,Richard Reed,kelly91@gmail.com,60,Nigeria,123731.23,2018-12-28
182,Michelle Reynolds,ibriggs@yahoo.com,37,Finland,38308.24,2022-06-08
183,Jeffrey Wilson,ndillon@gomez.com,22,Guam,93872.15,2025-04-21
184,Craig Miller,zlittle@white.com,40,South Africa,73396.78,2019-04-06
185,Brian Davis,gonzalezjoseph@yahoo.com,44,Iran,50361.62,2015-07-04
186,Kevin Flores,ricebrian@harper.com,54,Romania,109820.03,2020-10-18
187,Alfred Martinez,kristinking@stephenson-palmer.com,58,Saint Helena,118752.85,2023-09-11
188,Patrick Miller,smithjose@ross.net,43,Gambia,88257.8,2024-10-21
189,Charles Richards,nelsonjames@gmail.com,43,Mauritania,90462.01,2025-05-04
190,Chelsea Cantu,jill00@hotmail.com,23,Brunei Darussalam,69388.54,2022-03-04
191,Bradley Scott,meghan42@mcfarland.org,60,Saint Kitts and Nevis,120856.19,2024-11-06
192,Dawn George,zpacheco@yahoo.com,30,Gibraltar,118291.35,2021-03-28
193,Sarah Kennedy,darlene95@gmail.com,20,Slovenia,142373.67,2018-11-01
194,Samantha Archer,zfinley@williams-butler.com,50,Chad,77117.8,2015-10-29
195,Sean Smith,nicholsonbarry@moore.com,41,Tokelau,66001.7,2017-10-10
196,Kenneth Johnson,hsullivan@gmail.com,46,Bahrain,60498.15,2018-05-15
197,Rachel Contreras,williamsmarie@davis-briggs.net,54,Belarus,30213.49,2017-06-06
198,Brandy Murray,deanwilson@wright.info,41,Zambia,101284.16,2025-06-10
199,Courtney Wright,xsantana@french.com,46,Palestinian Territory,111364.14,2024-11-06
200,Tiffany Simmons,psingleton@gmail.com,47,Afghanistan,55831.06,2022-04-18
201,Amber Johnson,dbailey@yahoo.com,48,Djibouti,119198.34,2021-11-06
202,Jane Hernandez,stokesjulie@vazquez.org,46,Israel,122753.51,2023-01-06
203,Justin Combs,bbrennan@yahoo.com,28,Zambia,73380.97,2024-01-08
204,Hayley Ford,iwalker@rivera.biz,36,Trinidad and Tobago,43236.97,2021-10-31
205,Debra Rodriguez,sarah10@lee.com,51,Australia,91405.74,2023-05-04
206,Patricia Ochoa,smithjason@sanchez-michael.info,50,Iran,35475.56,2021-12-23
207,Dwayne Wiley,tylerhart@hotmail.com,50,Guyana,99898.88,2024-12-22
208,Christopher Lewis,coneal@gmail.com,51,Svalbard & Jan Mayen Islands,117804.02,2021-11-15
209,Jonathan Mccoy,ryan52@gmail.com,60,United States Virgin Islands,90137.91,2020-03-02
210,Nicholas Lee,omarsmith@bennett.com,30,Saudi Arabia,124298.75,2021-11-30
211,Thomas Lee DDS,robert09@gmail.com,58,Burkina Faso,132884.04,2018-05-02
212,Donna Diaz,lonnie77@flores-wagner.com,55,Barbados,129924.51,2021-08-10
213,Victoria Rodriguez,palmerjessica@yahoo.com,32,Norway,99512.32,2016-02-08
214,Jennifer Brady,carterpatricia@hotmail.com,35,Estonia,69805.37,2023-06-21
215,Casey Kirby,hintonstephen@hotmail.com,38,Monaco,43522.27,2019-06-08
216,Kristina Barajas,tpowers@gmail.com,50,Italy,62902.67,2017-05-15
217,Harold Gonzalez,anitacurtis@yahoo.com,27,Central African Republic,145705.58,2022-10-04
218,Mrs. Alexis Smith MD,shannonnatasha@palmer.net,19,Guernsey,81829.19,2017-11-25
219,Tiffany Nelson,jamescurtis@hotmail.com,25,Saint Kitts and Nevis,141430.4,2020-02-14
220,Jennifer Caldwell,fhoward@campbell-schmidt.org,38,Benin,123857.3,2019-02-09
221,Amber Sandoval,jessica56@cobb.biz,42,Ecuador,75689.1,2023-07-28
222,Donna Edwards,delgadosarah@collier-mosley.com,24,Gabon,69279.16,2016-10-09
223,Tony Cross,rstewart@garrett.com,60,El Salvador,146621.55,2023-06-09
224,Misty Vang,heidirodriguez@howell.com,53,Falkland Islands (Malvinas),59301.14,2023-08-23
225,Dr. Joshua Howard Jr.,jamesharris@barker.com,51,Mexico,129751.35,2017-01-06
226,Emily Davies,edward61@savage.info,50,Macao,119744.83,2019-11-25
227,Sarah Alexander,edunn@dickson.info,54,Cameroon,109369.55,2021-02-05
228,Melissa Wright,ijackson@gmail.com,23,Denmark,82481.16,2018-04-20
229,Glenn Yu,loribates@gmail.com,37,Namibia,91459.18,2018-08-03
230,Tyler Farley,corey77@gmail.com,37,Bermuda,122079.24,2018-07-10
231,Keith White,andreaorozco@lopez.com,23,Isle of Man,142817.44,2018-05-29
232,Christopher Smith,emcgee@stone.com,53,Poland,130861.71,2023-12-11
233,Diana Arnold,rtaylor@gmail.com,31,Central African Republic,80248.68,2022-03-30
234,Willie Orr,halejorge@yahoo.com,19,Ecuador,33577.11,2021-10-17
235,Michael Larson,andrewmcgee@hotmail.com,40,Pakistan,76955.74,2015-12-21
236,Jamie Bowman,james23@horton-parker.com,42,Netherlands,128653.38,2024-09-09
237,Danielle Ponce,jeffrey84@tucker.com,51,Vietnam,89460.08,2023-11-07
238,Lisa Gill,wjohnson@gmail.com,35,Gabon,57749.1,2022-10-22
239,Mrs. Kathy Taylor,williamparrish@gmail.com,52,Angola,94060.28,2016-11-29
240,Gloria Williams,petersmichele@patton.net,33,Zambia,122660.16,2017-12-29
241,Thomas Wilson,tyler41@yahoo.com,29,Mozambique,63124.28,2024-08-10
242,Margaret Morse,antoniovazquez@williams-wilson.com,30,Cape Verde,87721.56,2020-03-01
243,Holly Allen,mariakennedy@hotmail.com,60,Solomon Islands,123961.94,2020-01-11
244,Samantha King,tylermoreno@little.com,27,Bahrain,88087.08,2021-01-30
245,Craig Thomas Jr.,elee@yahoo.com,57,Nauru,149184.79,2016-03-08
246,Jacob Dillon,daryl92@hotmail.com,26,Jersey,70188.38,2024-08-11
247,Anthony Garcia,arthurlang@reynolds.info,55,Bulgaria,91626.97,2025-02-17
248,Miguel Williams,waynetaylor@yahoo.com,59,French Polynesia,90586.33,2015-11-21
249,Bill Pearson,bethaguilar@stephens.com,31,Guam,128027.92,2022-02-21
250,Kayla Campos,amberhawkins@gmail.com,60,Croatia,31540.7,2017-06-11
251,Wesley Wilson,crystal54@yahoo.com,36,Antarctica (the territory South of 60 deg S),118419.57,2021-03-08
252,Sarah Thomas,tammy94@stanley.com,41,Guinea,104466.42,2020-02-20
253,Jason Nichols,bcooper@gmail.com,60,Aruba,86462.77,2025-03-14
254,Bruce Powell,patricia39@yahoo.com,43,Ghana,146220.02,2017-04-26
255,Glenn Perry,andersongina@gmail.com,60,Vietnam,124143.84,2015-12-10
256,Caleb Davis,wallen@boyd-morris.com,56,Algeria,119533.59,2020-02-10
257,Michael Miller,randerson@yahoo.com,54,Zambia,131703.22,2023-05-10
258,Kevin Payne,rhampton@gmail.com,43,Anguilla,112843.17,2016-06-01
259,Christopher Bonilla,davidfarrell@mercado.biz,50,Marshall Islands,118336.16,2024-01-25
260,Daniel Williams,thomas41@moreno-kim.com,40,United States Virgin Islands,70340.1,2019-04-30
261,Donald Hodge,brenda34@crawford.biz,19,Liechtenstein,47117.6,2016-09-23
262,Benjamin Smith,justin83@yahoo.com,46,Singapore,92876.29,2018-09-19
263,Robert Atkins,erinvaldez@hotmail.com,35,Colombia,75331.05,2019-10-11
264,Michael Sanchez,mendezmichael@hotmail.com,44,Cuba,74481.14,2020-07-06
265,Scott Kaufman,andrew17@peterson-ellison.biz,33,Colombia,83021.66,2023-05-25
266,Jennifer Bryant,hullalexa@yahoo.com,57,Sri Lanka,139418.73,2022-09-27
267,Andrew Harvey,steven73@anderson-leonard.com,58,United States of America,33885.54,2017-08-14
268,Alan Boyd,elizabeth68@yahoo.com,46,Burkina Faso,31195.99,2025-05-27
269,Jennifer Adams,leemarc@farmer-allen.com,18,Albania,137933.24,2022-05-07
270,Miranda Martinez,marygreen@maldonado.com,25,Puerto Rico,142139.68,2017-04-21
271,Dennis Norris,amartinez@gmail.com,40,French Southern Territories,69705.71,2024-11-27
272,Christopher Lane,shane29@richards.com,48,Gibraltar,128816.85,2023-07-17
273,Ashley Bowman,anthonyharris@yahoo.com,24,Nauru,121530.56,2022-01-12
274,David Williams,xsutton@yahoo.com,46,Spain,70057.38,2021-03-29
275,Christine Stanley,ahale@gmail.com,50,Botswana,97948.51,2022-05-11
276,Craig Mckee,psherman@freeman-bell.biz,27,Congo,56988.92,2021-10-13
277,Mr. Tyler Chavez,krystaljohnson@hotmail.com,27,Eritrea,103559.66,2017-07-22
278,Joshua Colon,jameskevin@newton-duncan.biz,55,Norway,136859.82,2016-04-14
279,Shelby Daniels,hbarron@gmail.com,19,Congo,67689.98,2018-06-12
280,Erika Miller,tylerjohnson@gmail.com,25,Faroe Islands,46656.73,2022-06-23
281,Jennifer Kirby,yperez@patterson.org,48,Montserrat,93092.96,2023-01-18
282,Michael Potter,theodoreclayton@gmail.com,46,Estonia,96045.52,2020-03-02
283,Nicholas Ramirez,stephenbishop@yahoo.com,33,Reunion,41771.68,2025-03-16
284,Sergio Morales,oharris@gmail.com,19,Greenland,63607.29,2025-02-15
285,Marie Norton,brittanygray@yahoo.com,45,American Samoa,124093.78,2022-03-05
286,Christine Pacheco,kleintommy@quinn.com,40,China,77360.41,2018-01-17
287,Thomas Ball,michaelbailey@gmail.com,46,Peru,44482.22,2020-02-03
288,Kevin Armstrong,davidjohnson@yahoo.com,39,British Indian Ocean Territory (Chagos Archipelago),93296.48,2017-12-12
289,Jessica Singh,ywells@gmail.com,56,Armenia,97222.6,2016-02-28
290,Suzanne Frey,yjones@collins-blake.com,36,United Arab Emirates,119610.94,2024-10-13
291,Jeffery Carroll,ashleycook@yahoo.com,44,Greece,126280.68,2020-11-20
292,Dominique Walker DDS,vatkins@yahoo.com,46,Gabon,37053.11,2017-07-16
293,Michael Copeland,jbarr@hotmail.com,31,Saint Kitts and Nevis,72333.29,2018-01-08
294,Sandra Aguirre,angelahill@parker-zavala.org,42,Djibouti,135500.46,2018-05-21
295,Seth Ward,fbaldwin@yahoo.com,38,Poland,138284.35,2021-12-11
296,William Gibson,lewisashley@wiley.net,33,Gabon,76387.37,2022-02-08
297,Keith Harvey,burgessashley@yahoo.com,25,Western Sahara,119825.74,2016-03-12
298,Michael Blankenship,courtney66@brown.com,31,Iran,114159.66,2020-08-04
299,Jeffrey Taylor,lgarcia@norton-chambers.info,42,Latvia,137006.51,2016-01-31
300,Mr. Michael Thomas MD,joseph57@gmail.com,19,Haiti,46496.5,2017-09-08
301,Christina Guerra,scott38@yahoo.com,59,Ireland,46101.97,2018-05-03
302,Brett Conner,briancobb@gmail.com,44,Switzerland,115303.26,2021-07-12
303,Kenneth Wilson,angelavilla@hotmail.com,51,Singapore,88965.53,2025-03-01
304,April Christensen,chunt@yahoo.com,26,Gabon,86056.57,2024-11-27
305,Amber Williams,danahiggins@gmail.com,48,Gibraltar,77286.25,2024-01-05
306,Tammie Murray,alexandriathompson@hotmail.com,47,Slovakia (Slovak Republic),38714.75,2020-10-12
307,Michael Davis,bowenlori@hotmail.com,47,France,85646.43,2020-06-17
308,Connie Myers,mullinsjustin@yahoo.com,29,Brazil,148941.25,2023-07-22
309,Erika Davis,rreynolds@shaw.com,52,San Marino,90564.8,2022-09-17
310,Lauren Khan,wbates@yahoo.com,30,Monaco,47802.56,2022-05-04
311,Derek Melton,anthony11@yahoo.com,51,Isle of Man,142410.5,2016-04-02
312,Aaron Wilson,noneal@yahoo.com,23,Canada,121751.55,2019-07-25
313,Vincent Austin,rebeccajackson@hotmail.com,20,Costa Rica,125711.43,2023-09-26
314,Madison Wright,zachary37@hotmail.com,37,Bolivia,66670.71,2017-01-25
315,Tanya Rodriguez,jbrown@gibson-thompson.biz,24,Samoa,56096.64,2024-07-19
316,Alejandra Copeland,stonejulie@cox-taylor.com,57,Cyprus,80270.14,2023-12-28
317,Jimmy Thomas,kayla93@stafford-lopez.org,30,Libyan Arab Jamahiriya,116483.28,2024-12-04
318,Brittany Rodriguez,angela69@baker.net,31,Liechtenstein,93392.49,2022-05-28
319,Aaron Erickson,oobrien@berry-rogers.biz,33,Bouvet Island (Bouvetoya),132828.86,2020-03-25
320,Lisa Cortez,ronald59@yahoo.com,31,Nepal,92078.94,2019-03-03
321,Melissa Yu,amy43@ortega.info,23,Swaziland,78210.15,2017-01-07
322,Penny Arnold,lchurch@juarez-pitts.com,47,Mozambique,75469.64,2019-12-26
323,Tyler Brown,aaron07@gmail.com,60,Montenegro,106570.67,2024-10-02
324,Sandra Martinez,emily80@hotmail.com,30,Sweden,34728.98,2022-12-04
325,Bryan Brown,davidmitchell@morgan-bolton.com,57,Hungary,142505.8,2015-12-13
326,Bradley Scott,jamesbradford@yahoo.com,39,Holy See (Vatican City State),44967.23,2023-05-18
327,Cassandra Reed,gpierce@lewis.info,43,Norway,61096.9,2015-07-15
328,Hailey Green,john04@yahoo.com,25,Antarctica (the territory South of 60 deg S),90445.14,2020-04-20
329,Philip Lewis,james43@peters.com,56,Palau,35492.91,2024-07-30
330,Mary Wright,gilbert15@yahoo.com,51,Kazakhstan,58316.15,2023-11-30
331,Tara Ponce,qhenderson@gmail.com,51,Korea,133265.85,2018-12-12
332,Lucas Thompson,lukeeaton@castillo.com,40,Moldova,85120.36,2023-07-21
333,David Schwartz,karensaunders@baxter.biz,38,Guernsey,127233.1,2015-08-15
334,Kellie Weber,kellymorgan@hotmail.com,54,India,68217.81,2015-11-04
335,Kim Long,jessica08@wallace-moore.com,26,Slovakia (Slovak Republic),137971.25,2021-08-02
336,Jennifer Price,sarcher@craig-green.com,60,Solomon Islands,121209.7,2018-06-06
337,Melissa Jones,sheryl41@barker.com,20,Guyana,145480.07,2015-09-07
338,Debra Davis,gilbertjennifer@gmail.com,19,Pakistan,126023.33,2023-12-24
339,Brenda White,gnelson@gmail.com,36,Norfolk Island,72113.46,2017-07-31
340,Kristin Patterson,elizabeth25@yahoo.com,50,Slovakia (Slovak Republic),118777.23,2016-07-10
341,Amanda Butler,stephaniemendoza@bryant.net,30,Albania,80885.9,2016-10-20
342,Brandon Walker,johnfletcher@gmail.com,32,Denmark,61032.19,2016-06-03
343,Pamela Fisher,kmiller@gmail.com,49,Dominica,84386.99,2016-10-05
344,Kevin Meyer,deanna31@robinson-sandoval.com,54,Luxembourg,91524.92,2017-07-31
345,Tiffany Stewart,selliott@brown.com,23,Austria,135230.12,2018-11-08
346,Gina Anderson,christopherprice@yahoo.com,22,Honduras,51548.52,2018-10-23
347,Jennifer Henry,ashleypeters@day-jones.com,49,Vanuatu,82289.29,2021-06-11
348,James Carter,sandywaters@yahoo.com,50,Guinea-Bissau,104082.5,2016-03-12
349,Nicole Taylor,tylermorales@ortiz-scott.org,47,Hong Kong,42801.96,2015-10-11
350,Rebecca Edwards,zhenry@hotmail.com,26,British Indian Ocean Territory (Chagos Archipelago),146540.1,2023-07-16
351,Dawn Valenzuela,thompsonanthony@yahoo.com,21,Slovenia,139565.71,2023-05-27
352,Katie Keller,isaac50@hotmail.com,60,Isle of Man,122891.11,2018-08-15
353,Courtney Greene,teresa04@hotmail.com,50,Guyana,127751.45,2015-10-17
354,Michael Roberson,jamesharris@spencer.com,37,Tonga,101678.86,2017-11-14
355,Dennis Robbins,wilkersonkatherine@gmail.com,55,Montenegro,30605.09,2020-04-12
356,Ashley Waters,brandilindsey@hotmail.com,47,Cameroon,70738.82,2023-04-20
357,Brian Chapman,danielcruz@gmail.com,27,Maldives,70867.7,2017-06-10
358,Nicholas Brown,calderoncaitlin@gmail.com,41,Guernsey,135847.19,2023-12-24
359,Nathaniel Medina,nicholassmith@hansen.com,26,Paraguay,137298.1,2018-05-14
360,Mark Baker,christina21@gmail.com,37,Hungary,114798.0,2023-11-04
361,Joshua Evans,qsmith@yahoo.com,28,Ecuador,65224.99,2016-09-23
362,Joshua Rogers IV,nlewis@roberts.com,23,Chad,104039.34,2016-08-01
363,Jonathan Turner,icarr@yahoo.com,22,Chile,114979.11,2018-01-06
364,Mary Freeman,burnsjames@king-baker.com,21,Libyan Arab Jamahiriya,61692.45,2017-06-22
365,Laurie Scott,aliciawilliamson@hotmail.com,58,French Southern Territories,130530.48,2021-01-29
366,Dr. Cole Ruiz,sandra86@gmail.com,25,Lao People's Democratic Republic,48751.74,2024-12-27
367,John Brown,sylviajones@yahoo.com,56,Angola,34052.79,2018-04-19
368,Jeffrey Cole,rebeccalopez@yahoo.com,31,Mali,31549.05,2019-11-19
369,Samuel Carter,maria62@hotmail.com,18,Guernsey,79782.08,2018-04-14
370,Karen Edwards,nellis@david.biz,57,Sweden,53384.83,2016-09-23
371,Nancy Williams,tramirez@glover.info,57,Gibraltar,77873.32,2024-06-04
372,Lori Johnson,amanda73@bentley.org,60,Luxembourg,101617.28,2020-04-21
373,Kimberly Eaton,stephanie97@lopez.com,41,Hong Kong,123899.14,2018-03-25
374,Heather Reilly,sanchezwilliam@drake.com,31,Senegal,77173.36,2020-09-16
375,Bradley Pennington,hscott@cunningham.com,35,Japan,75337.64,2020-10-16
376,Keith Morales,johnstondanielle@gmail.com,32,Puerto Rico,139586.74,2024-09-06
377,Michelle Martin,robertflores@hotmail.com,35,Mozambique,147389.48,2020-09-29
378,Tina Sanchez,jeffrey42@hotmail.com,52,Luxembourg,65201.43,2019-07-29
379,Christy Gaines,ogarcia@yahoo.com,26,Jersey,75931.26,2022-06-22
380,Kelly Sanchez,umiranda@hotmail.com,60,Isle of Man,134993.18,2018-09-07
381,Richard Lowe,garciaeric@hotmail.com,23,Somalia,129126.25,2015-11-04
382,Alexis Campos,ronaldchavez@johnston.biz,58,Haiti,126721.67,2017-08-24
383,Lawrence Vaughn,roberthernandez@gmail.com,43,Paraguay,119848.11,2019-02-17
384,Derek Morris,delgadorandall@tanner.com,25,Panama,42062.36,2020-03-26
385,Emily Mcdaniel,daisystark@campbell.com,18,Malta,49611.15,2021-08-25
386,Brian Anderson,litimothy@gmail.com,34,Saint Lucia,79260.3,2020-07-30
387,Jasmine Salazar,daniel14@hotmail.com,21,Latvia,89447.53,2022-03-29
388,Daniel Walters,christina16@jones-proctor.net,20,Anguilla,122857.25,2019-04-13
389,Larry Wilson,brittanymurray@hotmail.com,55,Philippines,63779.06,2016-03-14
390,Madison Owens,deborah19@yahoo.com,51,Liechtenstein,38807.9,2016-10-08
391,Paul Patel,kellyrhodes@gmail.com,55,Tokelau,116369.45,2025-05-19
392,Christopher Lester,nicholseric@smith.org,28,Uruguay,97552.29,2020-12-17
393,Angela Martinez,gracerandall@warner.net,52,Sao Tome and Principe,58259.96,2024-04-10
394,Brian Vaughan,staceyfowler@hess.com,58,Iraq,103090.68,2022-07-24
395,Steve Fisher,charlesfloyd@hotmail.com,22,Thailand,128354.45,2022-04-09
396,Robert Davis,thomas62@pena.com,43,Cuba,131152.6,2023-05-26
397,Patricia Rivera,lbaker@hotmail.com,43,Indonesia,116934.11,2021-10-12
398,Patricia Reynolds,ygordon@hotmail.com,45,Palau,104414.17,2021-04-22
399,David Hodge,longkayla@joseph.com,55,Haiti,64451.79,2025-01-03
400,Terry Miles,madison15@novak-smith.com,49,Cape Verde,121422.5,2019-06-03
401,Cheryl Day,ewalker@porter.com,48,Ghana,98578.04,2016-01-15
402,Corey Rojas,yvonne96@bryant.net,27,Benin,67082.87,2018-09-25
403,Vanessa White,xmoses@cooke.biz,24,Finland,76242.73,2022-04-13
404,Rebecca Simmons,westwilliam@yahoo.com,57,Vietnam,60634.35,2019-11-14
405,Diane Thomas,johncampbell@hill.info,35,Namibia,68858.5,2025-02-02
406,Laura Valenzuela,riveraannette@gmail.com,56,Singapore,36616.97,2022-02-03
407,Carlos Porter,nguyenerin@thomas-mills.com,24,Lesotho,111204.28,2022-09-28
408,Cindy Mitchell,melindapatton@hotmail.com,28,Kiribati,94785.11,2018-12-30
409,David Harmon,walkermelissa@martin.com,37,Bouvet Island (Bouvetoya),93805.86,2022-06-06
410,Gregory Murphy,lewispatricia@hotmail.com,41,Nepal,31891.22,2017-04-12
411,Leah Fleming,wrightsarah@hotmail.com,18,Cocos (Keeling) Islands,74941.17,2020-04-02
412,David Davis,hjimenez@booth.net,60,Jordan,95610.8,2020-10-05
413,Kara Wilkins,lisaterry@hotmail.com,60,Holy See (Vatican City State),85872.34,2021-12-18
414,Molly Hodges,phillipsalex@hotmail.com,43,Colombia,108120.25,2016-06-06
415,Kim Ramirez,beverly26@moore-brown.com,44,Lao People's Democratic Republic,71944.24,2022-10-30
416,Robert Todd,bowenjessica@yahoo.com,52,Hungary,103262.12,2019-02-28
417,Adriana Jackson,lindseymichele@hotmail.com,29,Greece,54081.14,2020-04-09
418,Paul Flores,stephaniebrennan@yahoo.com,53,Djibouti,65845.93,2019-07-05
419,Billy Burke,mclaughlindaniel@gmail.com,31,Pakistan,90554.79,2018-07-07
420,Alyssa Moore,burkepedro@mack-brooks.com,34,Georgia,138652.91,2023-04-12
421,Christopher Moyer,johnsonadam@gmail.com,50,Bahrain,133211.07,2020-12-16
422,Amber King,edavis@gmail.com,60,Uganda,108450.37,2016-12-14
423,Edward Ortega,carriemelendez@vasquez.com,58,Turkmenistan,51038.38,2025-03-13
424,James Brown,vhines@yahoo.com,42,Philippines,105169.3,2017-10-27
425,Lisa Murphy,perezjoel@brown.biz,23,Australia,147760.62,2021-06-13
426,Jessica Solis,rbass@johnson-hendricks.com,48,Honduras,56915.03,2025-05-26
427,Elizabeth Cervantes,danasalazar@gmail.com,37,Hungary,134145.15,2024-11-22
428,Stephen Owens,heather52@fox-wolfe.com,29,Yemen,31544.92,2015-11-26
429,Zachary Vaughan,tgordon@jones.net,55,Zambia,70600.38,2019-01-19
430,Craig Myers,carsonantonio@chavez.com,30,Dominican Republic,88376.38,2020-05-13
431,David Kelly,jjohnston@gmail.com,41,Reunion,96021.82,2017-09-26
432,Todd Thomas,brian03@gmail.com,31,Saint Martin,102855.07,2024-01-31
433,William Giles,gregoryanderson@martin.com,20,Lithuania,95693.78,2023-12-06
434,John Collins,jenniferstrickland@davenport.com,40,Brunei Darussalam,101462.04,2021-11-07
435,Amber Phillips,jeffreyhoffman@galloway-gomez.com,51,Netherlands,145840.53,2021-12-14
436,Scott Allen,gyoung@cochran.biz,58,Mauritania,115444.29,2016-05-04
437,Bailey Santos,watsonsuzanne@wilson.com,40,Isle of Man,138261.66,2020-02-26
438,Diane Faulkner,william05@yahoo.com,53,Ethiopia,32267.45,2024-09-03
439,Kevin Schultz,bobby43@hotmail.com,38,Cameroon,105611.18,2022-12-01
440,Jessica Jenkins,smithjoel@hotmail.com,53,French Polynesia,142932.62,2024-01-14
441,William Baker,mwells@gmail.com,31,Germany,120052.77,2025-01-04
442,Brent Hunt,michael01@hotmail.com,60,Uzbekistan,74056.94,2022-10-29
443,Kim Beck,chelseaford@leblanc.com,48,Holy See (Vatican City State),129765.7,2021-07-09
444,Charles Wright,gardnerrichard@steele-stark.info,48,Bolivia,76526.91,2025-03-13
445,Christine Mitchell,delgadokimberly@yahoo.com,47,Vietnam,74423.65,2019-04-25
446,John Harris,sberger@hotmail.com,35,Saint Barthelemy,39094.03,2018-12-07
447,Sara Jones,henrykelly@gmail.com,32,Russian Federation,104909.5,2016-01-29
448,Stacey Lopez,dylankennedy@young-bauer.com,36,French Southern Territories,51831.18,2018-02-06
449,Nicole Mack,charles67@yahoo.com,25,Mozambique,135685.13,2023-04-03
450,William Rogers,xmanning@yahoo.com,38,Malawi,138592.77,2024-10-08
451,Connie Potts,colleen57@hotmail.com,54,Malaysia,139074.98,2022-03-14
452,Melissa Fields,gregoryzimmerman@daniels.com,33,American Samoa,110382.5,2022-09-30
453,William Cruz,christopher51@rodriguez-torres.net,50,Montenegro,102179.47,2023-07-31
454,Shannon Berry,cory58@johns.com,43,Liberia,50626.6,2023-10-01
455,Ashley Aguilar,ybrooks@yahoo.com,40,Madagascar,67916.97,2019-01-12
456,Crystal Villegas,jennifer08@hotmail.com,53,Western Sahara,111162.17,2019-12-16
457,Alyssa Chan,loriwilliams@moses-ellis.com,40,Paraguay,73970.53,2017-12-03
458,Teresa Taylor,jamessolomon@bender.biz,26,Tuvalu,48615.42,2018-12-12
459,Brian Alvarez,martharoach@hotmail.com,33,Belarus,83050.16,2021-03-02
460,Thomas Smith,victor69@hotmail.com,39,Dominica,69594.24,2023-07-03
461,Michael Diaz,hkerr@cross-wright.com,41,Afghanistan,140331.21,2022-08-23
462,Benjamin Hurst,jennifergarcia@hotmail.com,39,Aruba,77517.51,2020-03-02
463,Glen Trevino,zdecker@hotmail.com,34,Saint Martin,86062.31,2022-01-12
464,Kevin Weiss,uramsey@yahoo.com,30,Latvia,134208.87,2018-10-16
465,Keith Whitehead,michaelkim@king.com,21,Thailand,116784.3,2020-09-19
466,Noah Turner,pbarry@yahoo.com,52,Nepal,142304.36,2022-08-21
467,Emily Johnson,jennifer69@gmail.com,25,Puerto Rico,103554.06,2019-10-14
468,Christy Jensen,amygarcia@gmail.com,59,Mauritius,103996.67,2018-08-10
469,Shelby Baker,jessica84@yahoo.com,35,Suriname,61436.74,2023-10-05
470,Shane Goodwin,frazierdiana@cain.net,55,Pitcairn Islands,95944.64,2017-10-30
471,Samantha Moreno,victoria91@hotmail.com,47,Papua New Guinea,46602.19,2017-08-24
472,Daniel Costa,deancaitlin@hotmail.com,34,Djibouti,105880.82,2016-04-26
473,Robin Stout,yroach@gmail.com,36,American Samoa,90826.99,2023-12-19
474,Jonathan Martinez,bakermichael@yahoo.com,22,Hungary,109245.57,2022-07-04
475,Mary Fritz,onealdarrell@cabrera.com,44,Vanuatu,33964.24,2016-10-11
476,Courtney Case,ramirezricky@gutierrez-johnson.info,28,Somalia,57523.05,2018-08-30
477,Donald Daniel,tara32@james-allison.com,30,India,107629.58,2025-03-15
478,Ricardo Rubio,nicolehowell@gmail.com,60,Ethiopia,98833.12,2016-01-05
479,James Riggs,wgriffin@wade.com,37,Finland,33066.52,2023-07-10
480,Shane Esparza,chapmanchelsea@gutierrez-martin.com,57,Qatar,92944.74,2025-06-09
481,John Caldwell,fhorn@gmail.com,52,Haiti,129149.11,2022-09-13
482,Ronald Ortiz,yblanchard@gmail.com,22,French Guiana,79187.71,2019-03-03
483,Nicholas Harris,fparsons@yahoo.com,42,Samoa,85063.29,2022-05-01
484,Troy Cardenas,heather06@moran-robinson.com,22,Kenya,43350.58,2017-06-18
485,Pamela Jones,ncooper@yahoo.com,47,Kyrgyz Republic,31836.17,2018-09-01
486,Kevin Gross,stantonsarah@butler.info,60,Nigeria,104450.87,2021-07-30
487,Kimberly Fletcher,christopher04@scott-nelson.com,24,Norfolk Island,98643.34,2023-06-07
488,Johnny Phillips,anita63@cooper-dean.biz,23,British Indian Ocean Territory (Chagos Archipelago),118554.09,2017-09-17
489,Lee Tyler,dunnjamie@bernard.org,52,Kiribati,71345.76,2022-03-06
490,Jeffery Chavez,michaelrussell@livingston-mccoy.com,22,Honduras,70062.97,2018-08-17
491,Robert Smith,hayesbrianna@guerrero.com,40,French Polynesia,64421.62,2018-05-16
492,Chad Norris,tyler20@rosales-coleman.com,40,Venezuela,85241.35,2024-06-22
493,Thomas Harris,jwilliams@johnson-fry.com,36,Tunisia,125603.02,2018-02-19
494,Joseph Anderson,angelabaker@ramirez.com,21,Libyan Arab Jamahiriya,123203.0,2021-01-20
495,Chase Vasquez,xjohnson@long.com,49,Finland,126826.93,2016-04-22
496,Jesus Jones,edwardjackson@taylor-davies.info,21,Micronesia,67144.55,2021-09-14
497,Joshua Klein,lisa85@blair-stafford.com,42,Armenia,95417.36,2020-10-31
498,Linda Myers,xjackson@johnson.org,24,Guernsey,81984.4,2016-04-26
499,Kim Wright,racheljones@hotmail.com,18,Kyrgyz Republic,64299.58,2023-02-10
500,Bill Silva,thomas47@gross.org,59,Greece,59978.26,2021-07-16
501,Luke Rogers,vmullen@yahoo.com,21,Guinea-Bissau,81955.81,2022-01-31
502,William Green,brookslindsey@yahoo.com,52,Kazakhstan,145691.51,2020-05-19
503,Jennifer Peck,westcarolyn@hotmail.com,32,Turks and Caicos Islands,121090.43,2023-12-01
504,Matthew Adams,james22@hotmail.com,32,Reunion,118843.82,2019-10-08
505,Bryan Coleman,blankenshiprodney@moore.biz,18,Korea,110513.27,2017-02-11
506,Jessica Knight,davidanderson@parker-hernandez.com,42,Antigua and Barbuda,96847.28,2017-01-25
507,Marvin Johnson,harrisontonya@cabrera.com,59,Christmas Island,46793.32,2024-01-19
508,Colton Barrera,jryan@yahoo.com,40,Solomon Islands,79092.07,2025-05-27
509,Scott Jones,debrafoster@hotmail.com,33,Italy,94210.29,2023-10-16
510,Yolanda Moore,virginiabarry@decker.com,42,Netherlands Antilles,118833.4,2021-12-03
511,Makayla Martin,paige34@yahoo.com,30,Somalia,125158.53,2020-03-09
512,Brian Oliver,kboyd@greer.com,32,Seychelles,90669.6,2021-04-08
513,Tracie Thompson,lewisrandy@walker.biz,53,Lao People's Democratic Republic,42742.02,2016-04-16
514,John Hernandez DVM,jason44@gmail.com,58,Swaziland,123287.5,2019-07-28
515,Tyler Wolfe,christinabeasley@hotmail.com,56,Czech Republic,49671.52,2021-05-15
516,David Herman,christine83@calhoun.net,58,Ecuador,66808.5,2022-11-14
517,Bill Walker,robertgolden@hotmail.com,51,Trinidad and Tobago,52137.53,2019-01-01
518,Amy Scott,johnstonmargaret@hotmail.com,45,Bouvet Island (Bouvetoya),108058.11,2022-03-25
519,Amy Cox,vdalton@joyce.com,46,Holy See (Vatican City State),39220.65,2023-04-15
520,Randy Fox,vmitchell@grimes.com,34,Qatar,31334.95,2016-03-08
521,William Johnson,williamsstephanie@pearson-richardson.com,45,Hungary,34537.94,2023-05-16
522,Heather Smith,morrisamanda@gmail.com,25,Sao Tome and Principe,77664.6,2021-03-25
523,Leonard Hampton,judywilliams@yahoo.com,21,Guatemala,106064.69,2019-08-20
524,Tami Knight,nunezroy@smith-francis.com,32,Vietnam,80788.88,2024-05-03
525,Joshua Pearson,sarahhughes@yahoo.com,32,Latvia,62385.14,2025-06-15
526,Lisa Hill,fjohnson@tran-wolf.com,21,Gabon,119464.71,2022-05-04
527,Andrew Chavez,peggymartin@gmail.com,39,Taiwan,31442.87,2021-11-13
528,Karen Greene,plee@yahoo.com,24,El Salvador,30834.92,2016-12-04
529,Mrs. Kim Reid,robertmills@hotmail.com,32,Grenada,67139.11,2016-05-19
530,Ariel Henderson,dunntimothy@rogers.com,18,Mali,133282.1,2021-08-10
531,Steven Price,turnertamara@caldwell.biz,52,Nigeria,82830.64,2020-01-18
532,Eric Boyle,christina05@gmail.com,19,Latvia,128921.63,2019-03-16
533,Manuel Martin,vbaker@campbell.com,29,Maldives,105039.97,2020-12-28
534,Marilyn Conley,xgrant@hunt.com,32,Solomon Islands,85611.48,2022-09-08
535,Brian Green,sherry18@brown.com,54,Russian Federation,55708.18,2024-12-15
536,Kimberly Brown,tonya60@bass.com,22,Botswana,138365.66,2024-06-02
537,Melissa Jones,john44@peterson-burgess.org,43,Myanmar,142624.83,2020-09-27
538,Sonya Schultz,cantumichael@yahoo.com,33,Norway,123065.31,2023-09-15
539,Traci Smith,yroberts@foster.com,58,Micronesia,82546.5,2021-03-26
540,Amy Black,rbell@hotmail.com,42,Comoros,42078.78,2017-12-02
541,Robert Johnson,santosjuan@cantu.info,29,Guyana,121788.48,2024-02-15
542,George Gray,jessica78@gmail.com,28,Pitcairn Islands,31069.63,2017-08-16
543,Bobby Ryan,vlamb@fuentes.net,47,Yemen,35291.75,2017-05-24
544,Danielle Stephens,heatherchavez@downs.com,48,Turkey,112018.51,2015-07-26
545,Lynn Taylor,torreselizabeth@ali.info,44,Cook Islands,140734.48,2025-01-16
546,Melissa Shaw,baustin@paul.com,26,Canada,98735.35,2016-08-06
547,Edward Parker,vjohnson@moore.org,32,Bosnia and Herzegovina,125662.95,2016-09-30
548,Larry Walter,sboyle@heath.com,53,New Caledonia,129969.94,2024-07-11
549,Brandon Murray,roblesfrederick@hotmail.com,25,Brazil,108138.3,2017-11-27
550,Lauren Dudley,jocelynallen@yahoo.com,27,Liechtenstein,116450.44,2016-11-03
551,Robin Jenkins,william60@morris.com,26,French Southern Territories,69147.98,2024-10-15
552,Michele Nash,nicoleowen@ward-pugh.com,35,Australia,103644.45,2017-12-24
553,Joseph Santos,lesliehayes@gmail.com,38,Suriname,110112.32,2023-12-08
554,Travis Cooper,sean91@turner-davis.com,33,Turkmenistan,118658.52,2018-10-26
555,Sara Scott,kimjames@king.com,20,Holy See (Vatican City State),94446.11,2018-01-13
556,Daniel Gilbert,kayla62@stone-tyler.biz,28,Burkina Faso,106907.53,2022-05-04
557,Jessica Baird,johnsonchristina@yahoo.com,41,Kuwait,61903.5,2021-01-12
558,Jason Johnson,jose87@yahoo.com,30,Pitcairn Islands,108580.81,2023-05-24
559,Heidi Carroll,ashley43@woodard-hamilton.org,23,Lao People's Democratic Republic,116920.99,2022-10-01
560,Michael Franklin,nirwin@bryant.com,53,Costa Rica,74098.88,2022-06-13
561,Patricia Watkins,rossjared@bryant.com,41,Switzerland,93984.87,2016-02-09
562,John Strickland,tcampbell@gmail.com,43,Aruba,31119.86,2019-05-02
563,Joshua Harrell,wbass@yahoo.com,35,Latvia,55321.71,2024-10-18
564,John Le,sancheztonya@smith.com,50,Eritrea,63612.61,2022-02-02
565,Laurie Holder,bakercolin@ross.info,21,Slovakia (Slovak Republic),144369.47,2020-02-07
566,Jacob Escobar,yboyd@valentine-sanford.com,39,Belarus,131237.82,2025-05-13
567,Alan Howard,ubuck@gmail.com,30,Guadeloupe,56959.37,2023-08-11
568,Megan Frank,cbowman@larson.com,20,Moldova,121315.32,2019-07-28
569,Michael Hill,kennethbutler@kelly-nielsen.info,36,Saint Barthelemy,54567.96,2016-01-22
570,Ruth Davis,jonathan60@french.org,36,South Africa,40379.72,2020-05-10
571,Joseph Obrien,dodsondennis@hardy-grimes.biz,18,Cape Verde,124535.98,2024-08-01
572,Peter Myers,tina75@mclaughlin.com,55,Indonesia,83639.13,2016-02-08
573,Rachel Rogers,kelly47@yahoo.com,29,Saint Kitts and Nevis,119065.47,2016-02-21
574,Craig Shelton,johnsonandrew@yahoo.com,50,Singapore,56510.55,2024-08-13
575,Laura Rodriguez,rayandrew@reynolds.com,53,Ireland,119132.32,2016-01-08
576,Diana Gilbert,cmorrison@griffin-gonzales.com,19,Malawi,128319.06,2024-03-31
577,Christina Benson,vanessaarellano@barrett.com,28,Brazil,65652.51,2019-05-23
578,Brian Ortiz,david40@landry-kirby.info,40,Poland,52102.2,2024-01-18
579,Toni Kim,frivera@gmail.com,32,Cayman Islands,91856.63,2022-09-21
580,Richard Butler,ramosmark@hotmail.com,29,Sri Lanka,112455.84,2016-12-15
581,Sean Weiss,keithtodd@martin.com,28,San Marino,60882.17,2025-01-19
582,Brittney Berry,wgraham@yahoo.com,22,Cape Verde,139314.13,2021-09-03
583,Jeremy Gibson,brianwilliams@hotmail.com,52,Iraq,127942.89,2021-07-25
584,Patricia Martin,michelle76@yahoo.com,40,British Virgin Islands,129171.18,2020-09-29
585,Briana Gordon,robertsdaniel@hotmail.com,52,Canada,119592.72,2017-08-17
586,Jacob Yates,gregoryhall@yahoo.com,58,Congo,64697.8,2021-09-12
587,Stacey Wilson,ibarramary@payne-church.com,38,Azerbaijan,91800.16,2020-10-14
588,Colleen Berry,johnsonlori@gmail.com,56,Russian Federation,113689.9,2020-11-28
589,Joseph Rangel,idalton@snow.net,44,Moldova,32983.07,2016-03-04
590,Kara Joseph,klewis@hotmail.com,26,Timor-Leste,74797.21,2019-02-28
591,Guy Ellison,jessicaanderson@norris-flowers.com,57,Honduras,36189.15,2018-07-30
592,Dana Ortiz,debraluna@walker.org,44,Kazakhstan,89768.4,2016-05-20
593,Samantha Chung,ejackson@frazier-patel.com,39,Cocos (Keeling) Islands,143435.97,2016-06-07
594,Michael Martinez,tylermorrison@nash.com,27,Seychelles,101688.38,2019-06-28
595,Edward Brown,qadams@quinn-mcfarland.net,60,Greece,31509.26,2015-07-17
596,Andrea Riley,lopezjessica@hotmail.com,59,Qatar,76954.24,2015-09-15
597,Daniel Jensen,houstonamy@beltran.com,18,Israel,76653.71,2022-04-15
598,Kimberly Hayes,vanessa65@gmail.com,41,Tanzania,127668.6,2016-12-25
599,Christopher Mcgee,janet65@hotmail.com,47,Benin,134708.32,2023-11-02
600,Alexandra Johnson,kimberlycunningham@yahoo.com,24,Saint Lucia,122764.84,2017-05-17
601,Troy Sparks,christopher70@yahoo.com,42,Djibouti,103127.6,2022-07-28
602,Jessica Stephens,yturner@klein.info,59,Pitcairn Islands,56959.66,2021-03-24
603,Michael Brown,asingleton@smith-ross.com,42,Mozambique,91925.51,2022-08-26
604,Lacey Odom,tommy61@smith.com,32,Montserrat,117463.92,2025-04-22
605,Jessica Johnson,jennifermayo@barry.com,34,Bouvet Island (Bouvetoya),113570.82,2016-11-30
606,Christina Newton,melissa11@yahoo.com,31,Hong Kong,44621.3,2022-08-07
607,Matthew Fernandez,thomas64@hotmail.com,23,Belarus,60951.58,2021-12-13
608,Thomas Cross,mcfarlandcaitlin@skinner-stewart.com,52,Belize,116791.66,2024-12-06
609,Tara Cain,wyatttammy@gmail.com,38,Panama,108616.53,2018-05-11
610,Robert James,combskevin@mccullough.com,27,Brunei Darussalam,86093.19,2016-12-21
611,Matthew Jones,martinmichael@martinez-fisher.com,38,Benin,134720.15,2019-04-09
612,Kimberly Hill,jacob41@hotmail.com,36,Armenia,125702.55,2022-03-10
613,Lauren Mays,xjohnson@yahoo.com,51,Bolivia,74568.88,2022-03-15
614,Christopher Adkins,lynn16@hotmail.com,40,Jersey,37828.93,2023-11-22
615,Kendra Martinez,mercadochristine@moreno.net,43,Trinidad and Tobago,61834.83,2018-10-22
616,Alan Smith,ftaylor@robinson.org,47,Mayotte,46593.25,2024-05-15
617,Heidi Reyes,browndiana@hotmail.com,51,Nauru,105357.5,2017-09-17
618,Sarah Butler,oschneider@peterson.com,36,Oman,30629.37,2019-06-02
619,Rebecca Ward,hmacias@singh.com,20,Turkey,122648.32,2016-05-28
620,Carmen Meyer,omoreno@yahoo.com,26,Northern Mariana Islands,63796.91,2021-10-20
621,Paige Wolf,elizabeth45@jacobs-woodward.info,38,Guatemala,83492.81,2020-02-02
622,Chad Sullivan,carolynbooth@obrien-ellis.info,19,Slovenia,77082.52,2024-04-30
623,Sheryl Howell,jody95@miller.com,46,Panama,85035.1,2021-04-01
624,Christopher Ward,thomas12@hotmail.com,58,Madagascar,116312.42,2018-01-23
625,Amber Mcguire,smithbryan@brown-herrera.net,57,Gibraltar,146170.91,2021-09-24
626,Russell Vance,barnescathy@hotmail.com,31,Guatemala,47940.4,2019-03-04
627,Shane Alvarado,lhuang@finley-smith.com,52,Bosnia and Herzegovina,146123.67,2020-09-21
628,Tina Dean,wesley01@stone-willis.com,41,Guernsey,39850.94,2017-08-26
629,Theresa Steele,paula76@alexander-williams.com,56,Spain,128623.57,2024-02-21
630,Eric Cox,swood@hotmail.com,19,Hong Kong,35314.51,2023-08-27
631,Donna Peterson,andrewsbrooke@matthews.biz,25,United States Minor Outlying Islands,126934.79,2018-01-15
632,Laura Soto,amy22@townsend.com,37,Mayotte,114003.24,2022-03-29
633,Erik Bryant,xolson@gmail.com,32,Saudi Arabia,66510.54,2019-07-07
634,James Huber,rossrobert@gmail.com,54,Anguilla,125275.84,2016-08-01
635,Dr. Heather Garcia,carolynward@villanueva.com,42,Denmark,72200.7,2023-05-22
636,Jason Kane,westjeffrey@henry.com,24,Lebanon,67583.2,2023-08-05
637,Casey Wilson,xevans@miller-love.org,57,Timor-Leste,52718.96,2020-08-23
638,Daniel Carr,adam24@pope-casey.com,42,Montenegro,99942.66,2017-01-09
639,Jamie Wright,rochapaul@yahoo.com,30,Holy See (Vatican City State),49730.61,2015-07-03
640,Mark Hall,jennifer01@gmail.com,26,Saint Kitts and Nevis,119521.16,2016-01-06
641,Jordan Adams,randymorgan@hotmail.com,20,Holy See (Vatican City State),100752.52,2021-01-14
642,Jennifer Chavez,vlambert@hotmail.com,46,Venezuela,123275.35,2023-01-26
643,Lauren Rojas,todd32@gmail.com,31,Christmas Island,38776.04,2022-05-08
644,Kelly Wilkerson,brownjohn@gmail.com,60,Afghanistan,37201.6,2017-06-19
645,Ryan Allen,drewclark@peterson.com,24,Equatorial Guinea,121876.78,2016-05-10
646,Christopher Kirk,rrowe@gmail.com,41,Uzbekistan,47914.04,2025-05-16
647,Laura Rogers,zjordan@nicholson.com,40,Isle of Man,79939.86,2017-02-09
648,Rebecca Deleon,ellisonsamuel@brown.com,32,Vietnam,99685.34,2025-05-12
649,Suzanne Gordon,destiny34@howard-clark.com,25,Saint Pierre and Miquelon,98510.32,2020-03-04
650,David Mata,jason28@gilbert.info,51,Micronesia,110349.16,2017-10-02
651,Anna Jenkins,gross@gmail.com,57,Papua New Guinea,46289.7,2025-05-27
652,Kaitlyn Proctor,lloydjeffrey@warren.net,34,Guam,101109.54,2018-03-21
653,Monica Kane,patelroger@joseph.org,41,Germany,111118.06,2018-11-24
654,Tanya Nguyen,welchangelica@green.net,22,Djibouti,53001.64,2018-11-20
655,Shannon Steele,jennifer51@yahoo.com,29,United States Minor Outlying Islands,136563.53,2016-07-01
656,Michelle Ford,gparker@tran.com,56,Venezuela,43700.28,2024-12-18
657,Kelly Alvarez,arianakane@barrera-herrera.com,31,Korea,129363.63,2023-02-07
658,Brett Edwards,pwatts@gmail.com,28,Congo,89935.73,2018-01-16
659,Jill Melton,whitestacy@may.com,23,Trinidad and Tobago,69116.81,2023-09-02
660,David Todd,patricksmith@hotmail.com,52,Bhutan,98321.19,2018-11-06
661,Amanda Love,melissa78@yahoo.com,41,Brazil,125409.1,2021-12-08
662,Dalton Malone,garrettsheppard@hotmail.com,40,Slovakia (Slovak Republic),119436.02,2019-11-08
663,Lisa Clark,whiteallison@mckee.info,60,Peru,38155.43,2016-07-06
664,Caroline Pierce,leecheryl@hotmail.com,51,Barbados,99502.99,2018-12-22
665,Dawn Hull,cortezgina@gmail.com,52,Bangladesh,130129.04,2016-11-19
666,John Wang,ann76@hotmail.com,38,Bermuda,34922.78,2023-04-22
667,Charles Hartman,ehernandez@hicks.com,18,Finland,148125.13,2020-07-25
668,John Mclaughlin,rcarter@garrett.com,25,Somalia,39143.2,2025-04-10
669,Jacqueline Nichols,wesleykemp@gmail.com,48,Albania,123125.15,2017-03-24
670,Tommy West,briana90@flores.com,57,Mali,106846.23,2015-12-20
671,Sandra Ellis,ballmichelle@yahoo.com,41,Iraq,95684.59,2025-04-06
672,Bobby Phillips,kcarpenter@hotmail.com,39,Fiji,81075.82,2018-09-24
673,Jamie Mcconnell,nicholas05@shah.com,36,Tanzania,49109.9,2016-11-15
674,Kimberly Parrish,timothypetersen@edwards.com,54,Russian Federation,108882.15,2018-08-23
675,Michelle Hamilton,watkinsfrank@chandler.com,57,Qatar,87727.0,2016-12-20
676,Joseph Mcfarland,dan49@martinez.com,27,Venezuela,52870.17,2023-12-12
677,Julie Todd,egonzalez@morgan-campbell.com,42,Pitcairn Islands,75438.88,2019-08-31
678,Cheryl Guzman,gwendolyn22@perry.info,36,Lebanon,35242.44,2017-11-13
679,Kathryn Jackson,leahwilson@yahoo.com,21,Montserrat,148613.01,2020-03-02
680,John Perkins,mike97@johnson-rocha.net,52,Switzerland,31653.64,2016-10-06
681,Larry Reese,john70@gmail.com,40,Bolivia,92373.13,2018-04-17
682,Curtis Moore,davisdaniel@hotmail.com,45,Saudi Arabia,44538.76,2025-04-06
683,Andrea Odonnell,stewartaustin@gmail.com,57,Faroe Islands,81154.91,2016-10-19
684,David Coleman,jonesjoseph@yahoo.com,59,Cape Verde,32948.51,2019-01-05
685,Regina Harris,markruiz@gmail.com,55,Jordan,51541.48,2020-04-09
686,Jesus Cunningham,williamslaurie@johnson.com,45,Nigeria,124716.43,2021-09-17
687,Sarah Kaiser,aaronweaver@hotmail.com,44,Costa Rica,70443.38,2016-06-09
688,Anna Roberts,brandireynolds@gmail.com,32,Palau,74118.17,2023-08-28
689,David Roberson,sarahrhodes@moore-cunningham.org,40,Montserrat,44283.65,2020-09-09
690,Isaiah Valencia,arthur90@freeman.com,23,Tanzania,101229.24,2020-06-25
691,Melissa Hill,kathy84@hensley-thompson.info,35,United States of America,129157.13,2023-11-13
692,Dr. Kenneth Williams MD,gutierrezmary@hotmail.com,50,Saint Barthelemy,60606.98,2023-06-22
693,Adriana Martinez,matthew79@huber.com,35,Sudan,129169.16,2021-04-28
694,Stanley Ingram,tammyjackson@thomas.com,40,Chad,136535.08,2017-03-29
695,Kyle Allen,connie64@hotmail.com,52,Libyan Arab Jamahiriya,110854.09,2020-06-24
696,Melissa Little,bgibson@guerra.com,50,Lao People's Democratic Republic,140169.91,2017-06-09
697,Maria Torres,vschneider@miles-black.biz,29,Finland,94695.52,2025-03-25
698,Brian Lee,michael22@hotmail.com,25,Christmas Island,49593.95,2021-01-18
699,Olivia Stewart,brittanywebb@yahoo.com,37,Taiwan,31654.11,2017-03-08
700,Jeremy Sanders,tsherman@gmail.com,29,Saint Martin,46072.04,2018-02-07
701,Mark Morrison,patriciamurphy@hotmail.com,25,Cook Islands,101712.6,2017-04-08
702,Kenneth Beasley,michael91@mayer.org,25,Ecuador,128655.52,2022-07-05
703,Debbie Knox,nathan15@yahoo.com,42,Marshall Islands,61445.71,2020-04-26
704,Kayla Hale,sandrawilliamson@johnson.biz,38,United States Virgin Islands,130807.63,2022-01-04
705,Amanda Taylor,joseph45@gmail.com,54,Palestinian Territory,136141.97,2023-01-12
706,Amanda Mckay,tamidavis@gmail.com,28,Macedonia,62013.92,2023-10-04
707,Tyler Hebert,rwright@hotmail.com,40,El Salvador,70739.52,2021-04-10
708,Nancy Gibson,simpsonrachael@yahoo.com,40,Sao Tome and Principe,43721.07,2022-05-10
709,Jennifer Black,awelch@white.org,25,Mali,105384.63,2016-02-29
710,Peter Thompson,barbara45@gmail.com,23,Slovakia (Slovak Republic),50003.44,2021-12-04
711,Eric Ellison,brandon68@vazquez-johnson.com,35,Equatorial Guinea,103784.57,2021-03-17
712,Valerie Davis,clarkheather@smith.info,24,Isle of Man,37369.78,2019-03-22
713,Julie Hughes,lrobles@gmail.com,41,Malaysia,138280.53,2022-12-13
714,Stephen Osborn,margaretjackson@barrett-gomez.com,43,Micronesia,97145.76,2022-09-03
715,Latoya Cross,hannah27@gmail.com,34,San Marino,121954.45,2018-04-15
716,Ann Brown,ptrujillo@yahoo.com,47,Ukraine,40154.74,2020-07-15
717,Christopher Robinson,hillrachel@caldwell.com,56,Singapore,101995.9,2022-08-04
718,Terrance Alexander,elijah48@yahoo.com,50,Philippines,95732.97,2021-07-08
719,Jacob Keller,jeffrey84@gmail.com,23,Micronesia,138629.73,2017-11-11
720,Amy Brown,fmoore@gmail.com,23,Poland,102481.35,2024-06-15
721,Jordan Mckinney,leslie65@walker.net,56,Trinidad and Tobago,84414.5,2019-03-15
722,Nicole Moore,anthony98@hotmail.com,26,Cambodia,81192.15,2020-06-22
723,Craig Brooks,nancy79@yahoo.com,58,Timor-Leste,39267.47,2018-04-11
724,Sue Bolton,steven97@kelly.com,35,Guinea-Bissau,109685.41,2019-11-10
725,Kenneth Young,saundersjon@gmail.com,32,Nepal,71489.03,2023-03-07
726,Michael Adams,heather12@mayer-taylor.biz,58,Hungary,39290.72,2019-02-22
727,Timothy Martinez,garciajoseph@yahoo.com,50,Finland,76364.27,2019-04-14
728,Dylan Garcia,pamelaschultz@baker.biz,40,Togo,131809.78,2018-11-11
729,Logan Steele,james07@yahoo.com,49,Lesotho,132142.92,2016-09-21
730,Anthony Jones,wesleydavies@hotmail.com,52,Estonia,140467.11,2021-04-24
731,Taylor Hamilton,jacksonmichael@hotmail.com,24,Montserrat,70650.15,2015-12-21
732,William Allen,barbarameyers@edwards.com,28,Australia,113155.35,2023-04-01
733,Meghan Haas,svelasquez@ramsey.com,20,Mauritius,132288.75,2024-02-20
734,Dakota Hess DVM,mscott@arroyo.com,57,Mauritania,148292.38,2016-08-18
735,Alicia Johnson,laura19@gmail.com,46,Ukraine,104367.51,2022-05-28
736,Daniel Patel,mathiserin@yahoo.com,23,Malaysia,50572.24,2016-07-26
737,Megan Martin,slewis@hotmail.com,51,Israel,44491.59,2023-11-06
738,Brittney Hill,aaronramirez@hotmail.com,25,Cocos (Keeling) Islands,115248.35,2023-01-19
739,Victoria Little,zayers@smith.com,54,Poland,68512.27,2020-01-10
740,Cindy Moon,tylerrichardson@rivers-yates.org,52,Japan,101960.37,2022-12-03
741,Sarah Norman,theresaschneider@ellis.com,32,Benin,39426.98,2021-03-27
742,Heather Flowers,markarmstrong@buchanan.com,35,Dominica,70176.01,2016-04-02
743,Ms. Allison Maxwell,jmiller@pittman.com,57,Gibraltar,46724.66,2016-05-30
744,Toni Byrd,christian78@hotmail.com,26,United States of America,115925.95,2016-07-13
745,Debra Miller,nancy31@gmail.com,20,Indonesia,103953.95,2022-03-13
746,Jasmine Wilson,yrichardson@parker.info,19,Montserrat,123552.52,2022-07-30
747,Amanda Romero,cobblaura@gmail.com,36,Turkmenistan,117054.74,2019-06-12
748,Christian Dodson,ariasjay@harrington.com,60,Yemen,111481.45,2019-01-04
749,Micheal Daniels,gregory47@long.org,52,United Arab Emirates,65483.1,2021-12-04
750,Megan Rodriguez,juan88@gmail.com,41,Azerbaijan,81206.93,2022-07-03
751,Mandy Hunt,ashley86@lewis.biz,56,Faroe Islands,105229.31,2025-03-21
752,Tina Davis,vwagner@mcdonald-shaw.com,32,Morocco,105167.43,2020-01-11
753,Rose Hill,katrinagriffin@gmail.com,49,Montenegro,85065.64,2022-07-11
754,Jacob Barton,westmaria@yahoo.com,22,Qatar,68524.68,2018-06-10
755,Courtney Lee,samantha11@hotmail.com,52,Oman,110358.05,2016-08-12
756,Ricardo Hanson,michaelblack@meza.com,47,South Africa,44521.83,2018-11-28
757,Paul Hernandez,stefaniestephenson@yahoo.com,39,Turkmenistan,134363.4,2019-09-01
758,Kathleen Jones,porteralexander@gmail.com,40,Cocos (Keeling) Islands,139427.01,2021-11-21
759,Timothy Solomon,gillelizabeth@blair.net,46,Finland,90571.19,2016-12-23
760,Christopher Sutton,dchapman@smith.com,29,Zimbabwe,96597.69,2022-08-20
761,Dr. Sarah Gonzales,dfreeman@hotmail.com,49,Palestinian Territory,148493.3,2023-09-02
762,Andrew Collins,fostermaria@yahoo.com,39,Montenegro,49242.58,2020-07-17
763,Richard Molina,sheilaramirez@gmail.com,22,Myanmar,47994.33,2025-02-14
764,Brandon Joyce,laurenmorales@yahoo.com,41,Lebanon,68211.59,2018-04-25
765,Caitlin Webb,ryan46@adams.org,56,Sweden,99784.46,2018-05-12
766,Renee Little,qfreeman@ramirez.org,27,Gibraltar,70430.56,2015-12-26
767,Bryan Fitzgerald,richard26@bell.biz,38,Tokelau,57054.35,2016-08-19
768,Marcus Thompson,wrightmaria@gmail.com,36,Madagascar,100666.63,2024-06-22
769,Luis Fuentes,montgomeryreginald@yahoo.com,29,Solomon Islands,42781.3,2023-02-10
770,James Miller,paulasnow@hotmail.com,60,Chad,82022.0,2017-06-26
771,Stephanie Wolf,burgesstracy@yahoo.com,33,Belgium,123909.58,2021-08-03
772,Regina Schneider,ericclarke@yahoo.com,39,Saint Pierre and Miquelon,149685.83,2022-10-17
773,David Lopez,moodyrandy@hotmail.com,58,Faroe Islands,129579.19,2017-03-07
774,Tara Reyes,zgomez@gmail.com,36,Burundi,85117.24,2024-10-25
775,Alexander Cole,autumn93@wells-smith.info,30,British Indian Ocean Territory (Chagos Archipelago),145359.87,2019-04-28
776,Andrew Hill,xyoder@hotmail.com,23,Estonia,120695.89,2016-11-21
777,Breanna Wood,marytucker@hotmail.com,18,New Caledonia,52687.56,2021-09-05
778,Shawn Robinson,smartinez@garrison-ellison.net,29,Cote d'Ivoire,120564.23,2018-10-31
779,Jennifer Cole,michaelnguyen@gmail.com,44,Oman,143972.69,2024-09-18
780,Melissa Welch,clayton56@gmail.com,39,Poland,112568.88,2025-04-12
781,Eileen Greene,mitchellstephanie@yahoo.com,19,Madagascar,31653.8,2018-12-16
782,Janice Lindsey,xross@scott-curtis.com,53,India,122258.91,2024-07-12
783,Ricky Cruz,dianagardner@yahoo.com,38,Netherlands Antilles,40263.32,2019-06-22
784,Jennifer Underwood,qnguyen@smith-chen.com,58,Venezuela,127742.45,2016-12-04
785,Mario Zamora,rcooper@yahoo.com,20,Niger,117260.39,2016-12-17
786,John Sanders,vrios@luna.biz,52,Tonga,145307.75,2020-10-29
787,Brandon May,ryancampbell@hotmail.com,37,Ecuador,57961.14,2023-10-25
788,Melissa Moore,timothythomas@werner.org,54,Gibraltar,138353.5,2020-07-23
789,Kelly Lane MD,amandajohnson@gmail.com,24,Brunei Darussalam,129030.46,2021-09-22
790,Nicholas Tran,derek29@hotmail.com,39,Tajikistan,54198.17,2025-06-07
791,Christopher Thomas,cesar92@yahoo.com,50,United Kingdom,51946.8,2025-04-18
792,Kathleen Cline,dustin18@hotmail.com,44,Nepal,72834.07,2017-04-27
793,Jason Young,james51@gmail.com,35,Uruguay,134031.43,2024-11-24
794,Tanya Moss,beckerlinda@flores.biz,56,Nicaragua,144077.1,2020-01-05
795,Shari Brown,martingolden@gmail.com,60,Heard Island and McDonald Islands,62501.88,2021-05-11
796,Brent Kennedy,carrolljames@burke.biz,60,Belarus,68256.84,2024-07-01
797,Vanessa Brown,jameswhite@yahoo.com,31,Monaco,51362.23,2020-07-01
798,Cole Robinson,durantanya@hotmail.com,32,Luxembourg,74030.01,2023-08-02
799,Claudia Dominguez,rdavidson@snyder-curtis.info,26,United States Minor Outlying Islands,38059.68,2024-02-15
800,Sarah Arellano,sarahjohnston@yahoo.com,19,Nigeria,101066.28,2021-12-14
801,Morgan Wright,petersonjennifer@gmail.com,26,Cameroon,42444.93,2023-07-03
802,Tristan White,chasespencer@hotmail.com,22,Tunisia,41564.42,2024-11-19
803,Katelyn Gibbs,rriley@crane-smith.com,60,Switzerland,141878.22,2023-05-27
804,Vincent Solis,doylemelissa@davis-stephens.com,51,Swaziland,47690.63,2024-04-29
805,Elizabeth Duffy,lindsayhogan@mendez-romero.com,50,Lao People's Democratic Republic,33732.11,2020-03-05
806,Stacey Smith,matthewsanchez@humphrey.com,37,Gabon,66227.19,2017-02-16
807,Brenda Patterson,mayerernest@lloyd.com,52,Estonia,106745.27,2015-08-16
808,Anthony Hardy,paynepamela@silva-elliott.com,55,Jamaica,34458.23,2021-03-01
809,Robert Johnson,tsmall@sweeney.com,25,Svalbard & Jan Mayen Islands,46971.99,2018-07-17
810,James Benitez,mmyers@smith-cobb.com,23,Ukraine,122356.21,2023-02-28
811,Carol Jones,palmermaria@yahoo.com,58,Ireland,52437.06,2022-06-03
812,Christopher Green,brianellis@gmail.com,35,Angola,67289.87,2016-08-12
813,Meagan Baldwin,thorntonbrittany@yahoo.com,38,Guinea-Bissau,56449.47,2022-01-05
814,Heather Kelley,johnsonjenna@cochran-grimes.com,39,Somalia,91787.33,2021-09-16
815,Maria Murphy,melanietran@gmail.com,51,Guatemala,72850.47,2016-09-10
816,Brandon Gilbert,christopher98@yahoo.com,37,Dominica,33416.12,2020-09-03
817,Timothy Cortez,denniskimberly@gmail.com,52,Canada,138324.13,2015-12-14
818,Charles Johnston,tjoyce@hardy.com,60,Cook Islands,125303.65,2019-06-06
819,William Ray,kelly18@gmail.com,48,Haiti,31913.67,2016-09-08
820,Tammy Barron,jennifer76@richards-gates.net,50,Azerbaijan,148659.86,2023-11-15
821,Stephanie Jordan,eduardo58@cook-salazar.com,21,Saint Lucia,96975.42,2019-11-19
822,Steven Jacobs,michaelduncan@moore.org,32,Gibraltar,64802.29,2024-05-03
823,Mark Martin,valerie55@yahoo.com,41,San Marino,95578.16,2016-08-20
824,Veronica Russell,banksryan@gmail.com,56,San Marino,60636.63,2020-07-01
825,Shirley Martin,patricia20@yahoo.com,47,Qatar,50160.06,2021-06-15
826,Jonathan Cook,john20@haley-love.org,49,Saudi Arabia,64832.97,2023-01-08
827,Joseph Washington,bryantandrea@murphy-mathews.org,33,Turkmenistan,110618.57,2019-11-19
828,Nichole Moore,whutchinson@hotmail.com,50,Argentina,132667.91,2016-05-12
829,Sherry Rivers,brian54@yahoo.com,41,Uzbekistan,88133.41,2025-04-28
830,Mary Valdez,nicholsonstephen@sanford.info,34,Brazil,67106.67,2021-12-11
831,Karen White,christopheraustin@gmail.com,56,Antarctica (the territory South of 60 deg S),102444.31,2016-12-10
832,Pamela Boyer,charlesfields@hotmail.com,19,Kenya,52194.15,2023-01-21
833,Maria Martinez,vjenkins@rice-marquez.biz,54,Jordan,99574.98,2018-09-18
834,Christopher Johnson,eday@flores.com,24,Sweden,136411.91,2020-06-21
835,Charles Mckee,justinramirez@martin.com,35,Turkey,126272.32,2016-05-02
836,Connie Jackson,hullryan@gmail.com,48,Svalbard & Jan Mayen Islands,101976.84,2020-08-24
837,Nicholas Clark,npacheco@gmail.com,50,Italy,73983.82,2016-12-04
838,James Walters,lindsaybrewer@shaw.com,21,Burkina Faso,132972.66,2025-05-17
839,Andre Gardner,obrienkenneth@valencia.com,33,Germany,146742.21,2017-12-23
840,Brendan Kelley,langjulie@gmail.com,31,Myanmar,131956.41,2016-09-19
841,David Thompson,kimberly22@yahoo.com,24,Saudi Arabia,142252.3,2022-05-24
842,Renee Rodriguez,hebertsamantha@griffith.com,43,Ecuador,68599.86,2019-03-12
843,Cheyenne Clark,andersencatherine@yahoo.com,60,Lao People's Democratic Republic,76588.17,2022-01-18
844,Kristie Mcdaniel,francowhitney@johnson.org,59,Isle of Man,42266.41,2016-02-10
845,Jeffrey Larson,wrightsara@yahoo.com,36,Romania,39829.17,2025-02-05
846,Jennifer Paul,geoffreyarellano@yahoo.com,26,Gambia,81515.38,2022-08-20
847,Thomas Weber,curtismaddox@hotmail.com,20,India,128652.05,2022-05-25
848,Beth Potter,floreskevin@miller.com,22,Faroe Islands,56662.04,2021-10-30
849,Brandon Williams,dnoble@wells-walsh.com,38,Spain,149230.99,2018-06-21
850,Peter Patterson,chadcrawford@yahoo.com,20,Cyprus,112053.51,2025-06-01
851,Alicia Campbell,mckinneyashley@gmail.com,52,Benin,122880.57,2016-06-17
852,Heather Taylor,jamesbean@carter.com,55,Botswana,51037.57,2017-08-09
853,Mr. Frederick Jordan,justin65@stokes.com,30,China,70967.92,2022-03-15
854,Thomas Day,walkergrace@yahoo.com,44,Mauritania,112794.4,2015-11-14
855,Zachary Flores,shawn36@yahoo.com,42,Liechtenstein,50597.57,2017-09-08
856,Vanessa Palmer,browningadrian@yahoo.com,33,Rwanda,116272.55,2021-05-18
857,Joshua Johnston,shaffertimothy@hotmail.com,25,Iceland,52805.39,2024-08-29
858,Jordan Vargas,brownwanda@summers.com,36,Zambia,80501.81,2016-06-06
859,Sarah Carter,jessicabeck@yahoo.com,33,Hong Kong,88556.02,2023-06-16
860,James Russell,robert89@yahoo.com,39,Congo,111847.71,2025-02-02
861,Trevor Friedman,johnstonvincent@beasley.biz,31,United Arab Emirates,86144.84,2023-04-11
862,Carl White,luiswest@martinez.com,43,Tonga,98423.89,2019-08-12
863,Justin Ortiz,andradeeric@hotmail.com,43,Monaco,137703.53,2021-07-24
864,Sarah Phillips,john47@yahoo.com,54,China,65223.22,2016-02-17
865,Carlos Thomas,theresa82@wilson-jones.com,41,Honduras,131657.79,2021-11-17
866,Michael Joseph,adkinsgeorge@villanueva.com,50,United States Minor Outlying Islands,79669.12,2023-03-04
867,Kristen Davis,devinmontoya@rodriguez.com,30,Ethiopia,78079.51,2016-04-08
868,David Carey,kent46@yahoo.com,27,Malaysia,112763.46,2020-09-04
869,Christina Barber,jeremy03@hutchinson.info,37,Netherlands Antilles,67282.34,2017-08-08
870,Julie Alvarez,omorris@peterson-walker.com,24,Mali,46268.53,2018-07-03
871,Kristina Graham,davidwilkins@gmail.com,60,Russian Federation,68738.43,2015-08-11
872,Elizabeth Rios,trevorwatkins@harris-thompson.com,39,Estonia,148593.22,2025-06-13
873,Kevin Griffith,anthonygutierrez@rodriguez.com,31,Slovakia (Slovak Republic),131180.94,2015-11-22
874,Deborah Norton,jared73@glass.com,35,Bosnia and Herzegovina,70678.13,2024-09-06
875,William Jenkins,campbellmichelle@yahoo.com,56,Bangladesh,62718.65,2021-10-20
876,James Peterson,middletoncourtney@gmail.com,31,Burkina Faso,93669.55,2021-08-12
877,Edgar Johnson,mitchellsteven@stone-carter.biz,34,Monaco,69164.61,2023-05-16
878,Jerry Conrad,contreraserika@gmail.com,45,Namibia,120424.32,2017-03-27
879,Elizabeth Evans,rogerbruce@gmail.com,45,Bahrain,66673.11,2016-10-04
880,Melissa Hill,ufisher@palmer-smith.com,34,Taiwan,46796.47,2020-10-26
881,Dustin Fitzpatrick,sheenasutton@davis-beck.com,53,Netherlands,69731.43,2021-09-26
882,John Preston,joycesullivan@stevenson.com,32,Mauritius,50203.99,2019-10-12
883,Roger Smith,jessicalamb@yahoo.com,18,Estonia,48247.3,2022-01-31
884,Victor Coleman,christina80@yahoo.com,60,Ireland,62947.91,2018-02-12
885,Deanna Barron,tmercado@hamilton-wilson.com,43,Vanuatu,126371.57,2020-02-04
886,James Potts,kaufmanscott@gmail.com,21,Estonia,52756.41,2024-09-11
887,Alexander Cummings,sanchezjohn@yahoo.com,28,Sri Lanka,89215.25,2022-05-29
888,Dominique Roy,kgordon@yahoo.com,48,Macedonia,80597.23,2024-10-25
889,Ronald Lowe,upark@simpson.com,60,Canada,77949.13,2015-11-23
890,Norma Sullivan,matthew05@yahoo.com,41,Saint Martin,46061.99,2021-08-04
891,Kathryn Leach,bcox@hotmail.com,43,Yemen,133353.85,2025-03-30
892,Benjamin Johnson,jamiecooper@black-peterson.info,52,Palestinian Territory,115500.94,2024-07-06
893,James Neal,laurenjimenez@hotmail.com,18,Iraq,105422.06,2020-06-19
894,Daniel Haynes,schultzrichard@yahoo.com,22,Qatar,135270.77,2018-12-11
895,Sara Palmer,pmorrison@hotmail.com,33,Montenegro,63471.14,2020-04-25
896,Stephen Nunez,harrisonstacey@yahoo.com,57,Zambia,30143.68,2022-01-07
897,Scott Padilla,katie05@morales.com,28,Armenia,71392.08,2017-04-27
898,Teresa Holloway,ramirezlaura@davis.com,47,Singapore,30322.79,2025-03-10
899,Mason Vaughn,stacey64@gamble.com,54,Libyan Arab Jamahiriya,141000.23,2021-12-01
900,Timothy Lutz,katrina42@yahoo.com,24,Colombia,38707.24,2021-12-12
901,Christopher Bryan,weekselizabeth@yahoo.com,36,Gambia,108859.44,2021-12-30
902,Jason Miller,cookcrystal@yahoo.com,44,Montserrat,131912.23,2015-12-22
903,Matthew Cross,lharris@shelton.biz,18,Angola,142728.71,2023-01-22
904,Diana Johns,rbrown@gmail.com,36,Venezuela,47545.92,2021-04-16
905,Brianna Stewart,emilykirk@gmail.com,25,Iceland,32101.96,2018-11-18
906,Tiffany Reed,qhawkins@howard-keith.com,36,Panama,145699.16,2020-10-14
907,Joseph Garza,sonya95@gmail.com,38,Malaysia,71835.6,2021-06-23
908,Michelle Baker,nguyenjacob@hotmail.com,29,United Kingdom,138763.56,2017-12-31
909,Latasha Holden,marquezmichael@yahoo.com,52,Georgia,43287.65,2015-09-21
910,Robert Martinez,timothymurillo@jenkins-white.com,40,Netherlands,132149.13,2023-12-12
911,Vanessa Craig,wsmith@gmail.com,56,Egypt,80734.11,2019-04-03
912,Cynthia Kennedy,danaburch@gmail.com,33,Nigeria,65616.64,2025-05-08
913,Michael Kaufman,james11@yahoo.com,45,Cocos (Keeling) Islands,62124.54,2019-08-27
914,David Shaw,shawntucker@gmail.com,30,Ghana,34903.93,2018-06-13
915,James Anderson,williamsmith@hotmail.com,47,Chad,125073.68,2017-03-29
916,James Villa,amyharris@gmail.com,48,Ukraine,109382.76,2020-04-17
917,Elizabeth Flores,cameronpatterson@yahoo.com,19,Kyrgyz Republic,71931.16,2023-09-20
918,Maria Franklin,marcus79@gmail.com,50,Macedonia,104888.6,2022-11-21
919,Nicole Erickson,joseph82@hotmail.com,41,Korea,147672.69,2016-05-29
920,Jay Perez,nicole13@hotmail.com,38,El Salvador,127032.42,2022-02-05
921,Shane Morris,andreamyers@martinez-reyes.com,55,Niue,101549.56,2020-11-15
922,Jackson Hughes,tyler50@reed.net,49,Syrian Arab Republic,142464.55,2023-07-12
923,Ryan Harper,susanpowell@thomas-simmons.biz,47,Mozambique,38906.4,2020-05-05
924,Regina Rogers,pprice@baker.com,37,Suriname,64911.71,2020-05-11
925,David Martinez,curryvanessa@gmail.com,33,Brazil,75767.23,2023-02-06
926,Andrew Clark,elizabethwilson@klein.info,59,Moldova,133126.76,2020-03-04
927,Mark Eaton,bonnie99@gmail.com,47,China,142822.76,2016-12-12
928,Crystal Hernandez,fwiley@thomas.com,28,Uganda,55879.93,2020-10-16
929,Jason Green,gscott@smith.com,27,Vietnam,34049.81,2015-11-26
930,Courtney Miller,katherinetucker@gmail.com,21,Montserrat,89101.17,2015-11-11
931,Jeremy Jarvis,shirleyvaldez@yahoo.com,56,Zimbabwe,93610.1,2022-05-23
932,Matthew Thomas,matthewclark@castro-james.biz,20,Indonesia,95617.53,2019-06-25
933,John Fernandez,bakeranthony@edwards.com,34,Estonia,79108.69,2021-03-02
934,Pedro Duran,blackheidi@hotmail.com,48,Yemen,148722.95,2023-08-23
935,Dr. Adrienne Weber,joshua02@hotmail.com,53,Georgia,53291.92,2023-06-20
936,Jay Peters,ryan38@williams-sanchez.com,42,French Southern Territories,44834.98,2023-04-30
937,Jessica Shaw,jeremyschwartz@lam.net,42,Tokelau,123564.45,2024-04-15
938,Joseph Thompson,pennyfriedman@hotmail.com,26,Switzerland,34218.34,2020-09-20
939,Ryan Roth,woodsamuel@johnson.com,42,Trinidad and Tobago,115825.42,2023-11-10
940,Christopher Wallace,vhoffman@gmail.com,37,New Zealand,79835.2,2023-04-06
941,Wayne Jones,chamberssarah@hotmail.com,22,Belarus,33901.19,2023-02-16
942,Laura Mendez,ymckee@miller-peterson.com,30,Haiti,51663.78,2016-10-30
943,Jacob Moss,michael95@gmail.com,48,New Caledonia,54096.4,2023-03-27
944,James Brooks,taylorphyllis@scott-smith.com,47,Slovakia (Slovak Republic),67388.3,2020-08-08
945,Brittany Fleming,matthew87@harris-smith.com,45,Equatorial Guinea,143020.78,2024-06-21
946,Devin Esparza,anthony21@gmail.com,27,Togo,109101.05,2021-06-24
947,Mr. Travis Hicks PhD,shawnblair@yahoo.com,50,British Virgin Islands,129254.8,2025-05-20
948,Crystal Pierce,paula47@ford-morales.com,49,Nicaragua,39687.36,2025-02-01
949,Anthony Keller,sheadavid@yahoo.com,31,Senegal,35266.35,2020-12-09
950,Lisa Lopez,kimberlybarnes@gmail.com,52,Syrian Arab Republic,31958.81,2022-07-02
951,Julia Levy,christopher85@hotmail.com,29,Rwanda,33410.74,2018-09-25
952,Wanda Graves,shannon51@hughes.com,53,Mauritania,94994.23,2021-07-25
953,Jennifer Martinez,stephanie37@yahoo.com,46,Timor-Leste,45371.64,2019-05-31
954,Timothy Smith,jeffrey99@torres-gentry.com,24,Mali,122309.06,2018-02-26
955,Sherry Brandt,thomassara@yahoo.com,55,France,84247.5,2019-01-20
956,Hannah Mckay,vlee@hotmail.com,45,Djibouti,90216.06,2016-04-26
957,Charles White,cynthiamorrison@yahoo.com,31,Congo,146982.09,2020-11-20
958,Bryan Wilkerson,johnlewis@mueller.com,55,Bahamas,115499.64,2020-06-23
959,Dr. Jessica Rowland,gpetersen@kelly-payne.biz,60,Malaysia,130738.38,2018-02-16
960,Jeffrey Wells,andrewwiggins@gmail.com,59,Slovakia (Slovak Republic),103843.13,2018-05-05
961,Kristen Evans,jmeyer@yahoo.com,18,Cote d'Ivoire,48181.89,2022-01-06
962,Kimberly Ramirez,qowens@hotmail.com,53,Bermuda,86269.28,2021-03-13
963,Lisa Caldwell,andersonjessica@ellis.com,57,Italy,141716.85,2024-09-01
964,Julia Miller,reynoldsbrandon@hotmail.com,42,Somalia,50666.83,2024-09-19
965,Justin King,evan17@yahoo.com,53,Kuwait,72660.35,2020-06-28
966,Jennifer Richardson,whitney42@hotmail.com,19,Tajikistan,90976.9,2020-04-27
967,John Wolf,keith32@cross.com,56,Christmas Island,61908.84,2019-09-20
968,Laurie Martinez,nmartin@aguilar.biz,49,Liechtenstein,106072.85,2017-07-25
969,Alexandra Lee,paul22@cruz-reeves.com,36,Costa Rica,42884.66,2024-12-04
970,Daniel Nguyen,brandilove@gray.com,41,Mongolia,81858.72,2016-09-13
971,Richard Cardenas,carlwatson@sanchez-clements.com,26,Slovenia,122699.74,2017-10-12
972,Veronica Johnson,davidsharp@gmail.com,54,Eritrea,77615.62,2018-11-07
973,Ryan Clark,elizabeth02@yahoo.com,50,Taiwan,116950.33,2025-01-16
974,Jason Foster,laura90@gmail.com,19,Guadeloupe,113423.63,2019-04-04
975,Rachel Taylor,mclark@evans.com,38,Burundi,83875.93,2017-01-29
976,Mark Hall,bookersteve@thomas-berg.com,30,Grenada,41414.36,2023-06-11
977,Glenn Simmons,jasonwilson@hernandez.com,21,Bhutan,45370.9,2015-11-04
978,Jessica Morrison,christopher34@hotmail.com,49,Italy,41373.71,2019-09-02
979,Kenneth Washington,susan24@smith-young.com,33,Pitcairn Islands,76909.23,2017-01-04
980,Kathryn Smith,zdavis@smith.org,60,Saint Helena,70890.89,2020-07-11
981,Matthew Moses,lindseymarshall@gmail.com,44,Tanzania,128662.45,2019-09-14
982,Alexandra Ramirez,bflores@yahoo.com,46,French Polynesia,67680.97,2021-06-24
983,Karen Abbott,philipmarshall@parsons.com,41,Benin,119241.27,2020-01-10
984,Wendy Collier,amywilliams@moore-benson.net,48,Zambia,53417.95,2025-04-05
985,Marcus Atkins,xlee@miller-gonzalez.org,20,Azerbaijan,147457.49,2015-12-27
986,Dr. Jennifer Mckinney,kburns@jones.info,33,Slovenia,106995.52,2017-07-17
987,Justin Bradley,jessica62@lewis.com,42,Cameroon,122178.4,2022-01-08
988,Joshua Gray,eclark@yahoo.com,21,China,33383.02,2020-09-05
989,Whitney Medina,murphymatthew@gmail.com,45,Belarus,47581.64,2020-10-11
990,Tina Briggs,jasminenelson@yahoo.com,19,San Marino,43524.28,2019-02-27
991,Michelle Arellano,agrant@carr.info,30,Congo,74693.18,2022-05-06
992,Corey Villegas,mariodalton@gmail.com,39,Saint Lucia,45125.64,2021-07-22
993,Morgan Lawrence,uwilliams@villa.com,48,Azerbaijan,83137.96,2016-04-10
994,John Anderson,john76@yahoo.com,39,Palestinian Territory,81974.97,2018-05-26
995,Joel Chambers,richard95@yahoo.com,35,Saint Lucia,67632.54,2018-04-07
996,Todd Hancock,hwilliams@thomas.biz,25,Uruguay,128773.87,2019-01-07
997,Gabriela Parker,rcox@gmail.com,53,Fiji,148605.89,2020-10-19
998,Alexander Smith DDS,llove@taylor.com,36,Solomon Islands,68940.8,2025-05-25
999,Erin Combs,gomezshawn@gmail.com,34,United States Virgin Islands,49303.27,2024-11-18
1000,Donald Sanchez,wgilbert@allen-martin.com,54,New Caledonia,89949.98,2024-11-27
